,ìﬂîe,ìﬂîe,ìﬂîe,ìﬂîe,ìﬂîe,ìﬂîe
îNåéì˙,ç≈çÇãCâ∑(Åé),ç≈çÇãCâ∑(Åé),ç≈çÇãCâ∑(Åé),ç≈í·ãCâ∑(Åé),ç≈í·ãCâ∑(Åé),ç≈í·ãCâ∑(Åé)
,,,,,,
,,ïiéøèÓïÒ,ãœéøî‘çÜ,,ïiéøèÓïÒ,ãœéøî‘çÜ
2014/6/25,30.4,8,1,25.7,8,1
2014/6/26,31.9,8,1,26.8,8,1
2014/6/27,32.2,8,1,27.9,8,1
2014/6/28,32.5,8,1,27.8,8,1
2014/6/29,32.1,8,1,26.5,8,1
2014/6/30,31,8,1,26.7,8,1
2014/7/1,31.8,8,1,26.6,8,1
2014/7/2,32.6,8,1,28.1,8,1
2014/7/3,32.7,8,1,28.2,8,1
2014/7/4,32.8,8,1,27.9,8,1
2014/7/5,33.6,8,1,28.3,8,1
2014/7/6,33.9,8,1,28.7,8,1
2014/7/7,32.1,8,1,24.8,8,1
2014/7/8,29.7,8,1,25.1,8,1
2014/7/9,28.3,8,1,23.8,8,1
2014/7/10,30.7,8,1,27.4,8,1
2014/7/11,31.9,8,1,27.6,8,1
2014/7/12,31.5,8,1,27.4,8,1
2014/7/13,31.9,8,1,27,8,1
2014/7/14,31.9,8,1,27.1,8,1
2014/7/15,31.8,8,1,26,8,1
2014/7/16,31.9,8,1,26.7,8,1
2014/7/17,31.8,8,1,27.1,8,1
2014/7/18,32.4,8,1,27.5,8,1
2014/7/19,32.3,8,1,27.4,8,1
2014/7/20,32.5,8,1,27.8,8,1
2014/7/21,31.7,8,1,27.4,8,1
2014/7/22,32.1,8,1,27.7,8,1
2014/7/23,32.1,8,1,28.5,8,1
2014/7/24,32.9,8,1,28.4,8,1
2014/7/25,33.1,8,1,28.1,8,1
2014/7/26,33.5,8,1,27.6,8,1
2014/7/27,33,8,1,28.1,8,1
2014/7/28,32.7,8,1,27.4,8,1
2014/7/29,33,8,1,26.1,8,1
2014/7/30,31.5,8,1,26,8,1
2014/7/31,30.1,8,1,26.7,8,1
2014/8/1,29.1,8,1,24.4,8,1
2014/8/2,31.2,8,1,28.5,8,1
2014/8/3,32.1,8,1,28.1,8,1
2014/8/4,30.9,8,1,25.6,8,1
2014/8/5,31.7,8,1,27.4,8,1
2014/8/6,32.3,8,1,27.3,8,1
2014/8/7,30.7,8,1,27.4,8,1
2014/8/8,30.1,8,1,26.1,8,1
2014/8/9,31.6,8,1,28.2,8,1
2014/8/10,32,8,1,27,8,1
2014/8/11,31.3,8,1,27.7,8,1
2014/8/12,32,8,1,27.3,8,1
2014/8/13,31.3,8,1,27,8,1
2014/8/14,31.8,8,1,26,8,1
2014/8/15,31.8,8,1,25.9,8,1
2014/8/16,30,8,1,25.9,8,1
2014/8/17,29.3,8,1,23.9,8,1
2014/8/18,31.5,8,1,26.8,8,1
2014/8/19,31.7,8,1,27,8,1
2014/8/20,31.9,8,1,27,8,1
2014/8/21,30.8,8,1,26,8,1
2014/8/22,31.7,8,1,26,8,1
2014/8/23,30.5,8,1,26.1,8,1
2014/8/24,32.6,8,1,26.1,8,1
2014/8/25,32.5,8,1,27.2,8,1
2014/8/26,31.4,8,1,27.2,8,1
2014/8/27,32.8,8,1,26.1,8,1
2014/8/28,33.1,8,1,26.5,8,1
2014/8/29,32.6,8,1,27,8,1
2014/8/30,30.7,8,1,26.6,8,1
2014/8/31,32,8,1,26.1,8,1
2014/9/1,31.7,8,1,25.7,8,1
2014/9/2,31.8,8,1,26.3,8,1
2014/9/3,32.3,8,1,27.1,8,1
2014/9/4,33.3,8,1,26.6,8,1
2014/9/5,32.7,8,1,27,8,1
2014/9/6,29.3,8,1,25.1,8,1
2014/9/7,31,8,1,26,8,1
2014/9/8,31.3,8,1,27.9,8,1
2014/9/9,30.6,8,1,26.7,8,1
2014/9/10,31,8,1,26.1,8,1
2014/9/11,30.9,8,1,26.3,8,1
2014/9/12,31.4,8,1,25.5,8,1
2014/9/13,32.5,8,1,26.4,8,1
2014/9/14,32.9,8,1,27.7,8,1
2014/9/15,33.1,8,1,28.3,8,1
2014/9/16,32.3,8,1,28.3,8,1
2014/9/17,31.7,8,1,27.6,8,1
2014/9/18,31.5,8,1,27,8,1
2014/9/19,32.5,8,1,26.6,8,1
2014/9/20,32.6,8,1,27.8,8,1
2014/9/21,32.5,8,1,28.8,8,1
2014/9/22,31.5,8,1,26.5,8,1
2014/9/23,32.2,8,1,25,8,1
2014/9/24,31.6,8,1,26.3,8,1
2014/9/25,30.4,8,1,26.7,8,1
2014/9/26,30.1,8,1,25.2,8,1
2014/9/27,30.6,8,1,26.3,8,1
2014/9/28,31.5,8,1,26.3,8,1
2014/9/29,31,8,1,26.1,8,1
2014/9/30,31,8,1,25.6,8,1
2014/10/1,31.4,8,1,25.6,8,1
2014/10/2,32,8,1,25.9,8,1
2014/10/3,29.1,8,1,25,8,1
2014/10/4,27.3,8,1,25.1,8,1
2014/10/5,28.7,8,1,25.8,8,1
2014/10/6,28.2,8,1,24.7,8,1
2014/10/7,28.1,8,1,23.4,8,1
2014/10/8,29.8,8,1,23.3,8,1
2014/10/9,30,8,1,24.9,8,1
2014/10/10,28.6,8,1,24.7,8,1
2014/10/11,25.9,8,1,22.8,8,1
2014/10/12,26.4,8,1,23.5,8,1
2014/10/13,26.2,8,1,23.2,8,1
2014/10/14,25.4,8,1,22.7,8,1
2014/10/15,26.3,8,1,22.2,8,1
2014/10/16,26.7,8,1,22.3,8,1
2014/10/17,27.2,8,1,21.3,8,1
2014/10/18,27.9,8,1,22.5,8,1
2014/10/19,27.8,8,1,23,8,1
2014/10/20,28.6,8,1,24.3,8,1
2014/10/21,29.8,8,1,23.3,8,1
2014/10/22,28.4,8,1,23.3,8,1
2014/10/23,27.1,8,1,22.8,8,1
2014/10/24,26.5,8,1,20.7,8,1
2014/10/25,28.1,8,1,21.8,8,1
2014/10/26,29.6,8,1,24.3,8,1
2014/10/27,26.6,8,1,23,8,1
2014/10/28,27.9,8,1,21.9,8,1
2014/10/29,27.1,8,1,22.1,8,1
2014/10/30,27.6,8,1,21.9,8,1
2014/10/31,29.4,8,1,24,8,1
2014/11/1,28.4,8,1,23.7,8,1
2014/11/2,28.2,8,1,23,8,1
2014/11/3,24.1,8,1,20.9,8,1
2014/11/4,24.4,8,1,19.9,8,1
2014/11/5,25.2,8,1,20.6,8,1
2014/11/6,25.1,8,1,21.4,8,1
2014/11/7,25.6,8,1,21.4,8,1
2014/11/8,25.7,8,1,21.8,8,1
2014/11/9,26.6,8,1,21.9,8,1
2014/11/10,24.5,8,1,22.1,8,1
2014/11/11,24.5,8,1,21.6,8,1
2014/11/12,24,8,1,20.9,8,1
2014/11/13,22.5,8,1,19.3,8,1
2014/11/14,23.8,8,1,18.6,8,1
2014/11/15,24.2,8,1,18.8,8,1
2014/11/16,25.2,8,1,20.5,8,1
2014/11/17,24.3,8,1,19.9,8,1
2014/11/18,22.2,8,1,19.1,8,1
2014/11/19,22.9,8,1,18.1,8,1
2014/11/20,25.2,8,1,17.4,8,1
2014/11/21,25.8,8,1,18.5,8,1
2014/11/22,23.8,8,1,20,8,1
2014/11/23,26,8,1,21.2,8,1
2014/11/24,26.9,8,1,21.4,8,1
2014/11/25,26.5,8,1,21.2,8,1
2014/11/26,25.8,8,1,20.5,8,1
2014/11/27,24.4,8,1,21,8,1
2014/11/28,25.3,8,1,20.9,8,1
2014/11/29,24.6,8,1,21.5,8,1
2014/11/30,27.5,8,1,21.9,8,1
2014/12/1,24.6,8,1,18,8,1
2014/12/2,18.6,8,1,15.5,8,1
2014/12/3,21.4,8,1,15.2,8,1
2014/12/4,22.2,8,1,16.3,8,1
2014/12/5,17.9,8,1,15.8,8,1
2014/12/6,17.8,8,1,15.5,8,1
2014/12/7,20,8,1,13.6,8,1
2014/12/8,20.9,8,1,17.1,8,1
2014/12/9,22.3,8,1,16.8,8,1
2014/12/10,23.8,8,1,17.5,8,1
2014/12/11,22.5,8,1,18.5,8,1
2014/12/12,19.2,8,1,17,8,1
2014/12/13,17.9,8,1,15.8,8,1
2014/12/14,19.2,8,1,14.9,8,1
2014/12/15,22.1,8,1,14.3,8,1
2014/12/16,21.2,8,1,14.3,8,1
2014/12/17,14.9,8,1,13.3,8,1
2014/12/18,17.5,8,1,13.8,8,1
2014/12/19,20.1,8,1,14.6,8,1
2014/12/20,20,8,1,16.4,8,1
2014/12/21,18.9,8,1,14.1,8,1
2014/12/22,15.6,8,1,12.6,8,1
2014/12/23,19.9,8,1,12.2,8,1
2014/12/24,23.7,8,1,16,8,1
2014/12/25,20.5,8,1,14.8,8,1
2014/12/26,19.7,8,1,15.9,8,1
2014/12/27,21.2,8,1,15.2,8,1
2014/12/28,22.1,8,1,16.4,8,1
2014/12/29,18.4,8,1,15.7,8,1
2014/12/30,19.1,8,1,14.5,8,1
2014/12/31,19.6,8,1,12,8,1
2015/1/1,16.3,8,1,13.2,8,1
2015/1/2,16.4,8,1,13.2,8,1
2015/1/3,17.5,8,1,11.7,8,1
2015/1/4,20.5,8,1,10.8,8,1
2015/1/5,22.3,8,1,12.4,8,1
2015/1/6,22.2,8,1,15.5,8,1
2015/1/7,18.6,8,1,15,8,1
2015/1/8,15.7,8,1,14.5,8,1
2015/1/9,17.2,8,1,14.8,8,1
2015/1/10,18,8,1,14.1,8,1
2015/1/11,18.3,8,1,13,8,1
2015/1/12,18.2,8,1,14.1,8,1
2015/1/13,21,8,1,14.7,8,1
2015/1/14,21.7,8,1,17.1,8,1
2015/1/15,19.4,5,1,15.9,5,1
2015/1/16,18.7,8,1,15.8,8,1
2015/1/17,17,8,1,14.5,8,1
2015/1/18,17.1,8,1,13.6,8,1
2015/1/19,18.1,8,1,14.2,8,1
2015/1/20,20.2,8,1,14.4,8,1
2015/1/21,21.2,8,1,17.2,8,1
2015/1/22,17.7,8,1,14.3,8,1
2015/1/23,16.5,8,1,12.5,8,1
2015/1/24,20,8,1,9.8,8,1
2015/1/25,22.1,8,1,13.6,8,1
2015/1/26,23.5,8,1,17.4,8,1
2015/1/27,20.2,8,1,17,8,1
2015/1/28,18,8,1,15.4,8,1
2015/1/29,21.3,8,1,15.5,8,1
2015/1/30,20,8,1,15,8,1
2015/1/31,15.7,8,1,13.9,8,1
2015/2/1,17.5,8,1,13.7,8,1
2015/2/2,19.6,8,1,14.3,8,1
2015/2/3,18.5,8,1,15.3,8,1
2015/2/4,17.8,8,1,15,8,1
2015/2/5,15.8,8,1,12.7,8,1
2015/2/6,16.9,8,1,12.5,8,1
2015/2/7,19.2,8,1,12.1,8,1
2015/2/8,16.7,8,1,12.2,8,1
2015/2/9,14.2,8,1,10,8,1
2015/2/10,15.8,8,1,11.2,8,1
2015/2/11,18.3,8,1,9.6,8,1
2015/2/12,18.9,8,1,13.4,8,1
2015/2/13,17.7,8,1,13.5,8,1
2015/2/14,19,8,1,11.6,8,1
2015/2/15,21.4,8,1,12.7,8,1
2015/2/16,22,8,1,17.1,8,1
2015/2/17,19.7,8,1,15.5,8,1
2015/2/18,17.7,8,1,14.4,8,1
2015/2/19,17,8,1,13.5,8,1
2015/2/20,19.4,8,1,12.3,8,1
2015/2/21,21.7,8,1,14.6,8,1
2015/2/22,24,8,1,18.5,8,1
2015/2/23,23.3,8,1,18.1,8,1
2015/2/24,21.5,8,1,17.7,8,1
2015/2/25,24.3,8,1,16.4,8,1
2015/2/26,25,8,1,20.4,8,1
2015/2/27,20.7,8,1,17.3,8,1
2015/2/28,22.9,8,1,17.2,8,1
2015/3/1,21.7,8,1,15.4,8,1
2015/3/2,19.1,8,1,14.9,8,1
2015/3/3,23.7,8,1,16.3,8,1
2015/3/4,17,8,1,14.4,8,1
2015/3/5,19.3,8,1,14.3,8,1
2015/3/6,19.6,8,1,16.4,8,1
2015/3/7,20.9,8,1,16.6,8,1
2015/3/8,20.9,8,1,16.2,8,1
2015/3/9,20.1,8,1,16.1,8,1
2015/3/10,16.2,8,1,12.3,8,1
2015/3/11,16.6,8,1,12.4,8,1
2015/3/12,16.5,8,1,13.1,8,1
2015/3/13,21.4,8,1,11.4,8,1
2015/3/14,23.5,8,1,17.5,8,1
2015/3/15,24.5,8,1,20.8,8,1
2015/3/16,24.8,8,1,20.4,8,1
2015/3/17,24.9,8,1,20,8,1
2015/3/18,24.6,8,1,19.1,8,1
2015/3/19,25.3,8,1,20.7,8,1
2015/3/20,23.8,8,1,20.5,8,1
2015/3/21,24.5,8,1,19.5,8,1
2015/3/22,23.7,8,1,18.1,8,1
2015/3/23,22.5,8,1,15.2,8,1
2015/3/24,21.2,8,1,15.4,8,1
2015/3/25,18.8,8,1,15,8,1
2015/3/26,20.6,8,1,16.2,8,1
2015/3/27,22.2,8,1,18,8,1
2015/3/28,23.4,8,1,18.6,8,1
2015/3/29,23.1,8,1,18.8,8,1
2015/3/30,24.9,8,1,17.2,8,1
2015/3/31,25.5,8,1,20,8,1
2015/4/1,26.6,8,1,21.2,8,1
2015/4/2,27.5,8,1,21.7,8,1
2015/4/3,27.4,8,1,22.3,8,1
2015/4/4,28.8,8,1,22.5,8,1
2015/4/5,28.7,8,1,23.9,8,1
2015/4/6,27.9,8,1,23.4,8,1
2015/4/7,27,8,1,22.5,8,1
2015/4/8,22.5,8,1,18.2,8,1
2015/4/9,23.6,8,1,19,8,1
2015/4/10,23.5,8,1,19.2,8,1
2015/4/11,22.2,8,1,19.1,8,1
2015/4/12,23.4,8,1,19.2,8,1
2015/4/13,21.7,8,1,17.5,8,1
2015/4/14,21,8,1,16.8,8,1
2015/4/15,22.5,8,1,16.7,8,1
2015/4/16,24.7,8,1,16.8,8,1
2015/4/17,27.9,8,1,19.3,8,1
2015/4/18,24.7,8,1,21.5,8,1
2015/4/19,24.6,8,1,21.9,8,1
2015/4/20,26.6,8,1,21.5,8,1
2015/4/21,21.9,8,1,19.2,8,1
2015/4/22,22.4,8,1,19,8,1
2015/4/23,24.8,8,1,18.4,8,1
2015/4/24,24.9,8,1,20.5,8,1
2015/4/25,24.5,8,1,20,8,1
2015/4/26,25.2,8,1,18.7,8,1
2015/4/27,24.4,8,1,19.7,8,1
2015/4/28,26.7,8,1,21.6,8,1
2015/4/29,25.2,8,1,21.8,8,1
2015/4/30,24.5,8,1,20.4,8,1
2015/5/1,25,8,1,19.6,8,1
2015/5/2,26.9,8,1,19.1,8,1
2015/5/3,27,8,1,22.4,8,1
2015/5/4,25.3,8,1,21.2,8,1
2015/5/5,24.7,8,1,20.6,8,1
2015/5/6,27.9,8,1,20,8,1
2015/5/7,27.5,8,1,22.4,8,1
2015/5/8,26.8,8,1,20.8,8,1
2015/5/9,28.5,8,1,23.7,8,1
2015/5/10,29.4,8,1,23.1,8,1
2015/5/11,30.3,8,1,24,8,1
2015/5/12,26.2,8,1,21.4,8,1
2015/5/13,27.1,8,1,20.8,8,1
2015/5/14,30,8,1,24.7,8,1
2015/5/15,29.7,8,1,25.2,8,1
2015/5/16,29.6,8,1,25.4,8,1
2015/5/17,29.1,8,1,24.6,8,1
2015/5/18,29.9,5,1,25.1,5,1
2015/5/19,29.7,8,1,24.8,8,1
2015/5/20,26.9,8,1,22.9,8,1
2015/5/21,25.4,8,1,20.2,8,1
2015/5/22,24.4,8,1,18.8,8,1
2015/5/23,27.4,8,1,23.2,8,1
2015/5/24,25.8,8,1,23.5,8,1
2015/5/25,28.6,8,1,23.7,8,1
2015/5/26,27.7,8,1,23.4,8,1
2015/5/27,28.3,8,1,23.5,8,1
2015/5/28,26.5,8,1,23.5,8,1
2015/5/29,29.2,8,1,25.1,8,1
2015/5/30,30.5,8,1,26.4,8,1
2015/5/31,28.9,8,1,25.3,8,1
2015/6/1,30.5,8,1,24.9,8,1
2015/6/2,30.8,8,1,25.1,8,1
2015/6/3,30.5,8,1,25.4,8,1
2015/6/4,29.1,8,1,25.3,8,1
2015/6/5,30.3,8,1,24.6,8,1
2015/6/6,28.2,8,1,24.4,8,1
2015/6/7,29.4,8,1,25.3,8,1
2015/6/8,31.3,8,1,26.7,8,1
2015/6/9,31.2,8,1,27.1,8,1
2015/6/10,31.5,8,1,27,8,1
2015/6/11,31.4,8,1,27.1,8,1
2015/6/12,31.4,8,1,27.2,8,1
2015/6/13,31.5,8,1,27.4,8,1
2015/6/14,31.8,8,1,27,8,1
2015/6/15,32,8,1,26.9,8,1
2015/6/16,31.9,8,1,27.2,8,1
2015/6/17,32,8,1,27.5,8,1
2015/6/18,32.2,8,1,27.9,8,1
2015/6/19,32.2,8,1,27.6,8,1
2015/6/20,31.9,8,1,25.4,8,1
2015/6/21,32.1,8,1,26.8,8,1
2015/6/22,31,8,1,26.9,8,1
2015/6/23,31.4,8,1,28.1,8,1
2015/6/24,31,8,1,27.8,8,1
2015/6/25,32.3,8,1,28,8,1
2015/6/26,32.4,8,1,28.5,8,1
2015/6/27,32.5,8,1,28.7,8,1
2015/6/28,32.5,8,1,28.8,8,1
2015/6/29,31.4,8,1,28.7,8,1
2015/6/30,32.3,8,1,27.9,8,1
2015/7/1,32.9,8,1,28.6,8,1
2015/7/2,32.8,8,1,28.8,8,1
2015/7/3,33,8,1,28.1,8,1
2015/7/4,33.3,8,1,28.5,8,1
2015/7/5,33.8,8,1,28.5,8,1
2015/7/6,32.5,8,1,26.6,8,1
2015/7/7,33.1,5,1,28.7,5,1
2015/7/8,33.5,8,1,27.8,8,1
2015/7/9,31.1,8,1,26.2,8,1
2015/7/10,27.5,8,1,26.2,8,1
2015/7/11,30.1,8,1,27,8,1
2015/7/12,30.7,8,1,25.5,8,1
2015/7/13,30.8,8,1,26.9,8,1
2015/7/14,31.8,8,1,26.4,8,1
2015/7/15,31.1,8,1,26.8,8,1
2015/7/16,31.1,8,1,26.6,8,1
2015/7/17,31.9,8,1,27.1,8,1
2015/7/18,31.7,8,1,27.2,8,1
2015/7/19,31.4,8,1,25.4,8,1
2015/7/20,29.9,8,1,23.8,8,1
2015/7/21,29.3,8,1,24.4,8,1
2015/7/22,32.1,8,1,27.3,8,1
2015/7/23,33,8,1,27.4,8,1
2015/7/24,31.4,8,1,26.5,8,1
2015/7/25,28.8,8,1,26.4,8,1
2015/7/26,30.6,8,1,27.4,8,1
2015/7/27,31.8,8,1,26.9,8,1
2015/7/28,31.9,8,1,27.8,8,1
2015/7/29,32.1,8,1,27.6,8,1
2015/7/30,32,8,1,27.7,8,1
2015/7/31,32,8,1,27.6,8,1
2015/8/1,31.9,8,1,27.6,8,1
2015/8/2,31.7,8,1,26.6,8,1
2015/8/3,31.7,8,1,26.9,8,1
2015/8/4,32.3,8,1,26.8,8,1
2015/8/5,32.8,8,1,27.5,8,1
2015/8/6,31.8,8,1,28.2,8,1
2015/8/7,30.4,8,1,28.5,8,1
2015/8/8,31.1,8,1,27.7,8,1
2015/8/9,31.5,8,1,25,8,1
2015/8/10,29.5,8,1,26.3,8,1
2015/8/11,31.2,8,1,26.3,8,1
2015/8/12,31.8,8,1,27.7,8,1
2015/8/13,32.7,8,1,27,8,1
2015/8/14,31.9,8,1,25.9,8,1
2015/8/15,31.3,8,1,25.3,8,1
2015/8/16,31.1,8,1,25.5,8,1
2015/8/17,31,8,1,24.9,8,1
2015/8/18,32.8,8,1,25.8,8,1
2015/8/19,31.9,8,1,27.2,8,1
2015/8/20,32.1,8,1,27.9,8,1
2015/8/21,32.1,8,1,27.3,8,1
2015/8/22,31.1,8,1,25,8,1
2015/8/23,30.3,8,1,26,8,1
2015/8/24,28.8,8,1,26.6,8,1
2015/8/25,30.3,8,1,25.8,8,1
2015/8/26,30.3,8,1,25.7,8,1
2015/8/27,30.9,8,1,26,8,1
2015/8/28,30.5,8,1,26.2,8,1
2015/8/29,30.8,8,1,27.5,8,1
2015/8/30,31.4,8,1,26.6,8,1
2015/8/31,32,8,1,26.9,8,1
2015/9/1,31.5,8,1,27,8,1
2015/9/2,31.6,8,1,25.7,8,1
2015/9/3,31.4,8,1,27.9,8,1
2015/9/4,31.5,8,1,25.8,8,1
2015/9/5,31.5,8,1,26.6,8,1
2015/9/6,30.7,8,1,25,8,1
2015/9/7,27.5,8,1,25.6,8,1
2015/9/8,29.8,8,1,24.9,8,1
2015/9/9,30,8,1,24.3,8,1
2015/9/10,29.5,8,1,25.9,8,1
2015/9/11,29.1,8,1,24.7,8,1
2015/9/12,29.2,8,1,23.8,8,1
2015/9/13,30,8,1,24.9,8,1
2015/9/14,30.7,8,1,25,8,1
2015/9/15,31,8,1,26.2,8,1
2015/9/16,31.2,8,1,25,8,1
2015/9/17,30,8,1,24.5,8,1
2015/9/18,29.1,8,1,25.9,8,1
2015/9/19,29.3,8,1,26,8,1
2015/9/20,28.8,8,1,24.2,8,1
2015/9/21,30.1,8,1,24.3,8,1
2015/9/22,30.8,8,1,24.6,8,1
2015/9/23,30.7,8,1,25.5,8,1
2015/9/24,29.7,8,1,26.1,8,1
2015/9/25,29.8,8,1,25.1,8,1
2015/9/26,30.4,8,1,26.5,8,1
2015/9/27,31.2,8,1,27.5,8,1
2015/9/28,31.7,8,1,27.9,8,1
2015/9/29,32.5,8,1,27.9,8,1
2015/9/30,32.6,8,1,27,8,1
2015/10/1,32,8,1,26.9,8,1
2015/10/2,29.5,8,1,26.2,8,1
2015/10/3,31.2,8,1,26.1,8,1
2015/10/4,30.6,8,1,25.7,8,1
2015/10/5,30.5,8,1,24.7,8,1
2015/10/6,29.4,8,1,24.6,8,1
2015/10/7,29.1,8,1,23.4,8,1
2015/10/8,29.2,8,1,23.8,8,1
2015/10/9,27.8,8,1,23.2,8,1
2015/10/10,23.8,8,1,20,8,1
2015/10/11,26.8,8,1,20.4,8,1
2015/10/12,26.4,8,1,21.8,8,1
2015/10/13,26.8,8,1,20.5,8,1
2015/10/14,27.1,8,1,23,8,1
2015/10/15,29.4,8,1,23.3,8,1
2015/10/16,28,8,1,24.7,8,1
2015/10/17,28.1,8,1,24.1,8,1
2015/10/18,29.2,8,1,24.4,8,1
2015/10/19,29.3,8,1,24.7,8,1
2015/10/20,29.6,8,1,24.6,8,1
2015/10/21,29.2,8,1,23.9,8,1
2015/10/22,27.4,8,1,23.7,8,1
2015/10/23,25.1,8,1,23.4,8,1
2015/10/24,29.5,8,1,24,8,1
2015/10/25,27.7,8,1,23,8,1
2015/10/26,27.8,8,1,22.1,8,1
2015/10/27,28.4,8,1,20.7,8,1
2015/10/28,26.5,8,1,22,8,1
2015/10/29,26.7,8,1,20.7,8,1
2015/10/30,28.3,8,1,21.4,8,1
2015/10/31,25.8,8,1,22,8,1
2015/11/1,25.7,8,1,20.9,8,1
2015/11/2,26.8,8,1,22.1,8,1
2015/11/3,26.6,8,1,22.6,8,1
2015/11/4,26.8,8,1,23.8,8,1
2015/11/5,25.5,8,1,22.9,8,1
2015/11/6,28.5,8,1,24,8,1
2015/11/7,28.4,8,1,23.9,8,1
2015/11/8,29.7,8,1,23.3,8,1
2015/11/9,28.7,8,1,22.6,8,1
2015/11/10,25.3,8,1,20.7,8,1
2015/11/11,25.6,8,1,19.7,8,1
2015/11/12,27.1,8,1,20.7,8,1
2015/11/13,29.1,8,1,22.5,8,1
2015/11/14,27.3,8,1,21.3,8,1
2015/11/15,26.3,8,1,21.6,8,1
2015/11/16,27.8,8,1,20.5,8,1
2015/11/17,29.8,8,1,24.9,8,1
2015/11/18,29.3,8,1,25.2,8,1
2015/11/19,26.4,8,1,22.7,8,1
2015/11/20,26.9,8,1,21.5,8,1
2015/11/21,27.4,8,1,22.4,8,1
2015/11/22,27.6,8,1,22.5,8,1
2015/11/23,27.2,8,1,23,8,1
2015/11/24,27.1,8,1,21.8,8,1
2015/11/25,25.4,8,1,21,8,1
2015/11/26,21.4,8,1,17,8,1
2015/11/27,18.8,8,1,16.6,8,1
2015/11/28,23.3,8,1,17.9,8,1
2015/11/29,25.2,8,1,19.6,8,1
2015/11/30,25.2,8,1,20.1,8,1
2015/12/1,24.9,8,1,20.4,8,1
2015/12/2,26.9,8,1,21.7,8,1
2015/12/3,22.6,8,1,18.7,8,1
2015/12/4,20.6,8,1,17.4,8,1
2015/12/5,22,8,1,16.4,8,1
2015/12/6,25.2,8,1,20.5,8,1
2015/12/7,22.9,8,1,19.2,8,1
2015/12/8,22.8,8,1,18.6,8,1
2015/12/9,23.8,8,1,19,8,1
2015/12/10,25,8,1,21.9,8,1
2015/12/11,23.8,8,1,19.9,8,1
2015/12/12,21.6,8,1,18.5,8,1
2015/12/13,23.8,8,1,17,8,1
2015/12/14,24.2,8,1,19.2,8,1
2015/12/15,23.1,8,1,19.5,8,1
2015/12/16,21.1,8,1,16.9,8,1
2015/12/17,17.2,8,1,15.4,8,1
2015/12/18,19.9,8,1,14.5,8,1
2015/12/19,21.2,8,1,15.3,8,1
2015/12/20,23.2,8,1,16,8,1
2015/12/21,25,8,1,19.3,8,1
2015/12/22,25.7,8,1,19.3,8,1
2015/12/23,26.5,8,1,21.7,8,1
2015/12/24,23.8,8,1,19.3,8,1
2015/12/25,20.2,8,1,16.6,8,1
2015/12/26,21.4,8,1,16.5,8,1
2015/12/27,21,8,1,15.8,8,1
2015/12/28,18,8,1,15.9,8,1
2015/12/29,19.8,8,1,15.2,8,1
2015/12/30,20.8,8,1,14,8,1
2015/12/31,18.8,8,1,16.8,8,1
2016/1/1,21.2,8,1,15.2,8,1
2016/1/2,24.1,8,1,14.8,8,1
2016/1/3,23.7,8,1,19.5,8,1
2016/1/4,21,8,1,19.1,8,1
2016/1/5,26.6,8,1,19,8,1
2016/1/6,22.4,8,1,18.3,8,1
2016/1/7,20.8,8,1,17.3,8,1
2016/1/8,20.1,8,1,13.8,8,1
2016/1/9,19.5,8,1,14,8,1
2016/1/10,21.2,8,1,14.5,8,1
2016/1/11,21.4,8,1,17.6,8,1
2016/1/12,20.1,8,1,16.7,8,1
2016/1/13,16.8,8,1,14.6,8,1
2016/1/14,16.5,8,1,13.6,8,1
2016/1/15,19.2,8,1,13.5,8,1
2016/1/16,21.8,8,1,15,8,1
2016/1/17,21.9,8,1,16.8,8,1
2016/1/18,20.2,8,1,16.3,8,1
2016/1/19,16.9,8,1,14.3,8,1
2016/1/20,16.4,8,1,13.5,8,1
2016/1/21,21.3,8,1,15.3,8,1
2016/1/22,18.4,8,1,15.6,8,1
2016/1/23,16,8,1,12,8,1
2016/1/24,12.5,8,1,6.1,8,1
2016/1/25,13.1,8,1,6.3,8,1
2016/1/26,15.7,8,1,10.2,8,1
2016/1/27,19.5,8,1,10.3,8,1
2016/1/28,22.5,8,1,16.9,8,1
2016/1/29,25.5,8,1,18.2,8,1
2016/1/30,19.8,8,1,17.5,8,1
2016/1/31,21.3,8,1,17.1,8,1
2016/2/1,19.4,8,1,14.8,8,1
2016/2/2,16,8,1,13.8,8,1
2016/2/3,18,8,1,14.7,8,1
2016/2/4,20.4,8,1,15.1,8,1
2016/2/5,18.7,8,1,15.4,8,1
2016/2/6,16.7,8,1,12.6,8,1
2016/2/7,16.3,8,1,11.2,8,1
2016/2/8,15.9,8,1,11.7,8,1
2016/2/9,18.9,8,1,9.8,8,1
2016/2/10,21.7,8,1,11.8,8,1
2016/2/11,22.6,8,1,17,8,1
2016/2/12,23.8,8,1,19.8,8,1
2016/2/13,25.9,8,1,21.7,8,1
2016/2/14,22.8,8,1,14.4,8,1
2016/2/15,14.9,8,1,12,8,1
2016/2/16,13.7,8,1,11.7,8,1
2016/2/17,16.3,8,1,12.7,8,1
2016/2/18,20.1,8,1,12.5,8,1
2016/2/19,22.2,8,1,16.9,8,1
2016/2/20,21.8,8,1,15.5,8,1
2016/2/21,18.5,8,1,14.5,8,1
2016/2/22,20.1,8,1,13.2,8,1
2016/2/23,21.6,8,1,17.5,8,1
2016/2/24,18.3,8,1,14.5,8,1
2016/2/25,16.8,8,1,13.9,8,1
2016/2/26,18.9,8,1,13.4,8,1
2016/2/27,19.9,8,1,15.3,8,1
2016/2/28,22.4,8,1,16.9,8,1
2016/2/29,19.1,8,1,13.4,8,1
2016/3/1,16.3,8,1,12.9,8,1
2016/3/2,19.4,8,1,11.4,8,1
2016/3/3,21.5,8,1,13.1,8,1
2016/3/4,23.6,8,1,15.7,8,1
2016/3/5,23.1,8,1,20.6,8,1
2016/3/6,23.6,8,1,18.6,8,1
2016/3/7,24.8,8,1,17.9,8,1
2016/3/8,24.7,8,1,18.6,8,1
2016/3/9,22.8,8,1,18.7,8,1
2016/3/10,18.8,8,1,15,8,1
2016/3/11,15.7,8,1,13.8,8,1
2016/3/12,19.4,8,1,14.5,8,1
2016/3/13,23.3,8,1,17.1,8,1
2016/3/14,21.9,8,1,15.9,8,1
2016/3/15,20.5,8,1,15,8,1
2016/3/16,19.2,8,1,16.6,8,1
2016/3/17,24.3,8,1,18.3,8,1
2016/3/18,24.6,8,1,20.9,8,1
2016/3/19,23,8,1,19.5,8,1
2016/3/20,22.3,8,1,18.5,8,1
2016/3/21,22.3,8,1,17.5,8,1
2016/3/22,22.3,8,1,18.6,8,1
2016/3/23,24.1,8,1,19.4,8,1
2016/3/24,20.3,8,1,17,8,1
2016/3/25,17.6,8,1,15,8,1
2016/3/26,18.6,8,1,15.2,8,1
2016/3/27,16.4,8,1,14,8,1
2016/3/28,18.9,8,1,12.7,8,1
2016/3/29,21.1,8,1,11.6,8,1
2016/3/30,23.1,8,1,15.6,8,1
2016/3/31,24.4,8,1,18.8,8,1
2016/4/1,22,8,1,18.1,8,1
2016/4/2,23.8,8,1,16,8,1
2016/4/3,24.3,8,1,16.7,8,1
2016/4/4,24.9,8,1,21.4,8,1
2016/4/5,26,8,1,21.2,8,1
2016/4/6,28.4,8,1,22.4,8,1
2016/4/7,27.7,8,1,23.8,8,1
2016/4/8,28,8,1,21.9,8,1
2016/4/9,23.4,8,1,21.7,8,1
2016/4/10,26.4,8,1,20.4,8,1
2016/4/11,21.4,8,1,19.7,8,1
2016/4/12,22.3,8,1,19.6,8,1
2016/4/13,24.8,8,1,20.7,8,1
2016/4/14,24.7,8,1,21,8,1
2016/4/15,26.2,8,1,20.1,8,1
2016/4/16,25.1,8,1,21,8,1
2016/4/17,24.8,8,1,20.9,8,1
2016/4/18,27.8,8,1,20.9,8,1
2016/4/19,24,8,1,19.6,8,1
2016/4/20,25.3,8,1,20.1,8,1
2016/4/21,28.6,8,1,23.3,8,1
2016/4/22,28.3,8,1,24.2,8,1
2016/4/23,28.7,8,1,24.3,8,1
2016/4/24,28.7,8,1,21.7,8,1
2016/4/25,26.8,8,1,22.2,8,1
2016/4/26,28.2,8,1,23.8,8,1
2016/4/27,27.6,8,1,22.3,8,1
2016/4/28,24,8,1,20.3,8,1
2016/4/29,23.9,8,1,19.7,8,1
2016/4/30,25.5,8,1,18.2,8,1
2016/5/1,26,8,1,21.4,8,1
2016/5/2,27,8,1,22.1,8,1
2016/5/3,27.7,8,1,21.1,8,1
2016/5/4,25.5,8,1,19.2,8,1
2016/5/5,27.7,8,1,21.9,8,1
2016/5/6,29.5,8,1,24.5,8,1
2016/5/7,29.9,8,1,25.6,8,1
2016/5/8,31,8,1,25.7,8,1
2016/5/9,30.4,8,1,26,8,1
2016/5/10,30.2,8,1,23.8,8,1
2016/5/11,24.1,8,1,20.7,8,1
2016/5/12,27.3,8,1,21.6,8,1
2016/5/13,29,8,1,23.8,8,1
2016/5/14,29.7,8,1,23.6,8,1
2016/5/15,29.8,8,1,24,8,1
2016/5/16,29.5,8,1,21.5,8,1
2016/5/17,21.9,8,1,19.6,8,1
2016/5/18,22.9,8,1,20,8,1
2016/5/19,25.1,8,1,22.9,8,1
2016/5/20,29.1,8,1,24,8,1
2016/5/21,29.7,8,1,24,8,1
2016/5/22,27.7,8,1,23.4,8,1
2016/5/23,29.8,8,1,24.5,8,1
2016/5/24,30.1,8,1,25,8,1
2016/5/25,30.8,8,1,25.5,8,1
2016/5/26,29.7,8,1,26.4,8,1
2016/5/27,30.5,8,1,25.6,8,1
2016/5/28,31.1,8,1,27.1,8,1
2016/5/29,31.1,8,1,27.4,8,1
2016/5/30,29.3,8,1,25.5,8,1
2016/5/31,29.5,8,1,25.1,8,1
2016/6/1,31.3,8,1,27.3,8,1
2016/6/2,28.2,8,1,25.3,8,1
2016/6/3,26.6,8,1,24.2,8,1
2016/6/4,31.7,8,1,26.5,8,1
2016/6/5,29.7,8,1,25.3,8,1
2016/6/6,30.4,8,1,23.5,8,1
2016/6/7,30.2,8,1,23.3,8,1
2016/6/8,30.5,8,1,25.3,8,1
2016/6/9,30.8,8,1,24.8,8,1
2016/6/10,29.9,8,1,25.2,8,1
2016/6/11,29.4,8,1,24.9,8,1
2016/6/12,28.4,8,1,24.9,8,1
2016/6/13,29.1,8,1,25.1,8,1
2016/6/14,26.9,8,1,25.1,8,1
2016/6/15,31.2,8,1,26.6,8,1
2016/6/16,31.7,8,1,27.6,8,1
2016/6/17,31.5,8,1,27.9,8,1
2016/6/18,32.3,8,1,27.7,8,1
2016/6/19,32.6,8,1,27.6,8,1
2016/6/20,31.9,8,1,27.1,8,1
2016/6/21,32.8,8,1,27.1,8,1
2016/6/22,33,8,1,28.3,8,1
2016/6/23,32.6,8,1,28.4,8,1
2016/6/24,32.7,8,1,28.6,8,1
2016/6/25,32.6,8,1,26.1,8,1
2016/6/26,30.6,8,1,26.1,8,1
2016/6/27,32.4,8,1,26.4,8,1
2016/6/28,32.4,8,1,28.5,8,1
2016/6/29,33.1,8,1,28.4,8,1
2016/6/30,33,8,1,28.1,8,1
2016/7/1,33.3,8,1,28,8,1
2016/7/2,33.3,8,1,26.7,8,1
2016/7/3,33.5,8,1,28.4,8,1
2016/7/4,33.6,8,1,28.6,8,1
2016/7/5,33,8,1,26.9,8,1
2016/7/6,32.5,8,1,27.4,8,1
2016/7/7,31.1,8,1,25.4,8,1
2016/7/8,30.3,8,1,26.9,8,1
2016/7/9,31.8,8,1,26.3,8,1
2016/7/10,31.9,8,1,26.5,8,1
2016/7/11,32.3,8,1,28.6,8,1
2016/7/12,32.8,8,1,28.7,8,1
2016/7/13,32.6,8,1,28.5,8,1
2016/7/14,32.5,8,1,28.6,8,1
2016/7/15,32.3,8,1,29,8,1
2016/7/16,32.8,8,1,29.2,8,1
2016/7/17,32.7,8,1,28.8,8,1
2016/7/18,32.6,8,1,27.6,8,1
2016/7/19,32,8,1,27.3,8,1
2016/7/20,32.5,8,1,28.2,8,1
2016/7/21,33.1,8,1,28.3,8,1
2016/7/22,32.6,8,1,28.3,8,1
2016/7/23,32.9,8,1,28.1,8,1
2016/7/24,33.5,8,1,26.2,8,1
2016/7/25,32.7,8,1,26.4,8,1
2016/7/26,32.8,8,1,26.6,8,1
2016/7/27,32.6,8,1,27.3,8,1
2016/7/28,33.3,8,1,28.2,8,1
2016/7/29,33.4,8,1,27.8,8,1
2016/7/30,31.2,8,1,27,8,1
2016/7/31,32.6,8,1,26.2,8,1
2016/8/1,33.6,8,1,27.2,8,1
2016/8/2,33.9,8,1,27.8,8,1
2016/8/3,32.9,8,1,28.3,8,1
2016/8/4,30.7,8,1,27,8,1
2016/8/5,30.1,8,1,25.3,8,1
2016/8/6,31.4,8,1,26.6,8,1
2016/8/7,27.9,8,1,24.7,8,1
2016/8/8,31.6,8,1,25.8,8,1
2016/8/9,32.9,8,1,26.5,8,1
2016/8/10,32.1,8,1,27.4,8,1
2016/8/11,33.4,8,1,27.6,8,1
2016/8/12,33.3,8,1,28.5,8,1
2016/8/13,32.6,8,1,28.5,8,1
2016/8/14,33.3,8,1,28.5,8,1
2016/8/15,33.1,8,1,28.5,8,1
2016/8/16,32.6,8,1,27.6,8,1
2016/8/17,32.9,8,1,27.8,8,1
2016/8/18,32.6,8,1,26.8,8,1
2016/8/19,33.5,8,1,28.2,8,1
2016/8/20,33.2,8,1,27.2,8,1
2016/8/21,32.8,8,1,27.5,8,1
2016/8/22,32,8,1,26.8,8,1
2016/8/23,32.5,5,1,27.1,5,1
2016/8/24,33.5,8,1,29.1,8,1
2016/8/25,32.7,8,1,27.7,8,1
2016/8/26,32.7,8,1,27.5,8,1
2016/8/27,32.6,8,1,28.4,8,1
2016/8/28,31.9,8,1,28.3,8,1
2016/8/29,30.9,8,1,26,8,1
2016/8/30,30.7,8,1,26.6,8,1
2016/8/31,30.5,8,1,26.6,8,1
2016/9/1,31.8,8,1,27.5,8,1
2016/9/2,32.2,8,1,27.1,8,1
2016/9/3,32.6,8,1,28.1,8,1
2016/9/4,32.8,8,1,27.8,8,1
2016/9/5,31.5,8,1,26.1,8,1
2016/9/6,29,8,1,25.7,8,1
2016/9/7,28.5,8,1,24.9,8,1
2016/9/8,28.8,8,1,24.9,8,1
2016/9/9,28.3,8,1,25.4,8,1
2016/9/10,31.5,8,1,26.1,8,1
2016/9/11,31.6,8,1,26.5,8,1
2016/9/12,31.9,8,1,26.5,8,1
2016/9/13,32,8,1,26.3,8,1
2016/9/14,31.8,8,1,26.7,8,1
2016/9/15,31.5,8,1,27.5,8,1
2016/9/16,31.8,8,1,26.2,8,1
2016/9/17,32.1,8,1,27.2,8,1
2016/9/18,31.6,8,1,26.6,8,1
2016/9/19,30.3,8,1,27.1,8,1
2016/9/20,30.2,8,1,26.4,8,1
2016/9/21,30.3,8,1,26.4,8,1
2016/9/22,30.1,8,1,25.5,8,1
2016/9/23,30.7,8,1,25.8,8,1
2016/9/24,31.4,8,1,25.2,8,1
2016/9/25,31.9,8,1,27.1,8,1
2016/9/26,30.5,8,1,26.6,8,1
2016/9/27,31.5,8,1,25.5,8,1
2016/9/28,31,8,1,25.2,8,1
2016/9/29,31.5,8,1,26.3,8,1
2016/9/30,32.3,8,1,26.9,8,1
2016/10/1,31.7,8,1,26.7,8,1
2016/10/2,31.7,8,1,27.1,8,1
2016/10/3,29.9,8,1,27.1,8,1
2016/10/4,29,8,1,26.7,8,1
2016/10/5,31,8,1,25.7,8,1
2016/10/6,31.3,8,1,26.6,8,1
2016/10/7,31,8,1,25.8,8,1
2016/10/8,30.6,8,1,26.8,8,1
2016/10/9,30.9,8,1,26.2,8,1
2016/10/10,28.6,8,1,26.3,8,1
2016/10/11,30.3,8,1,24.8,8,1
2016/10/12,29.3,8,1,26.2,8,1
2016/10/13,28.8,8,1,25.7,8,1
2016/10/14,27.7,8,1,24.6,8,1
2016/10/15,29.4,8,1,25.8,8,1
2016/10/16,31.2,8,1,25.2,8,1
2016/10/17,30.5,8,1,26,8,1
2016/10/18,31.1,8,1,26.8,8,1
2016/10/19,30.8,8,1,26.4,8,1
2016/10/20,31.1,8,1,27.4,8,1
2016/10/21,31.6,8,1,26.4,8,1
2016/10/22,30.8,8,1,27.2,8,1
2016/10/23,30.6,8,1,27.1,8,1
2016/10/24,29.5,8,1,26.2,8,1
2016/10/25,30,8,1,24.9,8,1
2016/10/26,30,8,1,25.4,8,1
2016/10/27,30.2,8,1,24.3,8,1
2016/10/28,30.2,8,1,24.7,8,1
2016/10/29,28.3,8,1,25.2,8,1
2016/10/30,27.7,8,1,24.3,8,1
2016/10/31,29,8,1,23.5,8,1
2016/11/1,27.5,8,1,22,8,1
2016/11/2,24.2,8,1,21.6,8,1
2016/11/3,25.4,8,1,20.7,8,1
2016/11/4,26.1,8,1,20.3,8,1
2016/11/5,28,8,1,21.7,8,1
2016/11/6,28.2,8,1,21.3,8,1
2016/11/7,27.7,8,1,19.9,8,1
2016/11/8,27.2,8,1,21.2,8,1
2016/11/9,24.6,8,1,20.7,8,1
2016/11/10,25.6,8,1,21.4,8,1
2016/11/11,24.5,8,1,21.2,8,1
2016/11/12,26.7,8,1,19.9,8,1
2016/11/13,27.8,8,1,20.5,8,1
2016/11/14,29.9,8,1,22.1,8,1
2016/11/15,27.2,8,1,23.8,8,1
2016/11/16,26.4,8,1,22.1,8,1
2016/11/17,26.8,8,1,20.1,8,1
2016/11/18,29,8,1,20.9,8,1
2016/11/19,28.7,8,1,24,8,1
2016/11/20,28.2,8,1,23.4,8,1
2016/11/21,26.2,8,1,21.7,8,1
2016/11/22,27.2,8,1,21.5,8,1
2016/11/23,24.2,8,1,19.5,8,1
2016/11/24,21.2,8,1,18.4,8,1
2016/11/25,22.3,8,1,18.6,8,1
2016/11/26,25.8,8,1,18.2,8,1
2016/11/27,24.6,8,1,19.6,8,1
2016/11/28,22,8,1,19.5,8,1
2016/11/29,23.7,8,1,17.9,8,1
2016/11/30,25.2,8,1,18.1,8,1
2016/12/1,23.4,8,1,20.2,8,1
2016/12/2,23.8,8,1,20.4,8,1
2016/12/3,24.9,8,1,20.5,8,1
2016/12/4,28.2,8,1,21.1,8,1
2016/12/5,25.5,8,1,22,8,1
2016/12/6,23,8,1,19.6,8,1
2016/12/7,22.1,8,1,18.6,8,1
2016/12/8,23.2,8,1,17.7,8,1
2016/12/9,24.3,8,1,19.6,8,1
2016/12/10,24,8,1,19.1,8,1
2016/12/11,23.4,8,1,18.1,8,1
2016/12/12,24.7,8,1,18.6,8,1
2016/12/13,25.7,8,1,20.4,8,1
2016/12/14,22.3,8,1,16.8,8,1
2016/12/15,19,8,1,16,8,1
2016/12/16,18.5,8,1,14.9,8,1
2016/12/17,20.7,8,1,15.2,8,1
2016/12/18,23.2,8,1,18.4,8,1
2016/12/19,24.8,8,1,19.1,8,1
2016/12/20,25.8,8,1,22,8,1
2016/12/21,25.6,8,1,22.4,8,1
2016/12/22,26,8,1,19.3,8,1
2016/12/23,20.2,8,1,17.7,8,1
2016/12/24,21.3,8,1,16.5,8,1
2016/12/25,22.6,8,1,17.6,8,1
2016/12/26,25.7,8,1,20.1,8,1
2016/12/27,23,8,1,16.3,8,1
2016/12/28,18.6,8,1,16,8,1
2016/12/29,19.7,8,1,16.2,8,1
2016/12/30,20.5,8,1,15.8,8,1
2016/12/31,22.5,8,1,16.9,8,1
2017/1/1,22.9,8,1,18.1,8,1
2017/1/2,24.8,8,1,16.9,8,1
2017/1/3,23.3,8,1,20.5,8,1
2017/1/4,23.2,8,1,19.5,8,1
2017/1/5,23.3,8,1,19.7,8,1
2017/1/6,25,8,1,20.2,8,1
2017/1/7,24.7,8,1,18.3,8,1
2017/1/8,23.9,8,1,20.3,8,1
2017/1/9,20.4,8,1,18.1,8,1
2017/1/10,20,8,1,18,8,1
2017/1/11,20.3,8,1,17.1,8,1
2017/1/12,19.8,8,1,16.9,8,1
2017/1/13,18.2,8,1,15.5,8,1
2017/1/14,17.5,8,1,15.9,8,1
2017/1/15,17.7,8,1,14.8,8,1
2017/1/16,17.9,8,1,14.1,8,1
2017/1/17,20.8,8,1,13.5,8,1
2017/1/18,22.3,8,1,17.6,8,1
2017/1/19,22.9,8,1,17.8,8,1
2017/1/20,20.2,5,1,13.9,5,1
2017/1/21,18.2,8,1,13.6,8,1
2017/1/22,17.7,8,1,13,8,1
2017/1/23,16.6,8,1,13.7,8,1
2017/1/24,18.2,8,1,12.3,8,1
2017/1/25,19.3,8,1,14,8,1
2017/1/26,19.9,8,1,14,8,1
2017/1/27,21.9,8,1,12.9,8,1
2017/1/28,22.9,8,1,17.1,8,1
2017/1/29,22.1,8,1,17.4,8,1
2017/1/30,24.5,8,1,16.5,8,1
2017/1/31,19.4,8,1,15.8,8,1
2017/2/1,21.4,8,1,16.1,8,1
2017/2/2,19.1,8,1,15.4,8,1
2017/2/3,20.8,8,1,14.4,8,1
2017/2/4,21.8,8,1,15.3,8,1
2017/2/5,23.8,8,1,17.6,8,1
2017/2/6,19.5,8,1,16.1,8,1
2017/2/7,19.2,8,1,16,8,1
2017/2/8,19.2,8,1,15.2,8,1
2017/2/9,19.1,8,1,12,8,1
2017/2/10,13.9,8,1,11.5,8,1
2017/2/11,14.4,8,1,11.5,8,1
2017/2/12,16.5,8,1,10.7,8,1
2017/2/13,17.3,8,1,11.7,8,1
2017/2/14,18.9,8,1,11.5,8,1
2017/2/15,19.2,8,1,11.6,8,1
2017/2/16,21.6,8,1,13.2,8,1
2017/2/17,24.3,8,1,18.9,8,1
2017/2/18,21.9,8,1,17.1,8,1
2017/2/19,20.5,8,1,14,8,1
2017/2/20,22.6,8,1,18.5,8,1
2017/2/21,21.7,8,1,17.5,8,1
2017/2/22,23.2,8,1,18.4,8,1
2017/2/23,21.9,8,1,15.2,8,1
2017/2/24,16.4,8,1,14.3,8,1
2017/2/25,18.1,8,1,14.5,8,1
2017/2/26,16.6,8,1,14.4,8,1
2017/2/27,20.4,8,1,13.6,8,1
2017/2/28,18.6,8,1,14.7,8,1
2017/3/1,18.7,8,1,16.1,8,1
2017/3/2,18.5,5,1,13.7,5,1
2017/3/3,17.7,8,1,13.1,8,1
2017/3/4,21.5,8,1,11.8,8,1
2017/3/5,23.8,8,1,15.5,8,1
2017/3/6,21.5,8,1,16,8,1
2017/3/7,18,8,1,15.3,8,1
2017/3/8,18,8,1,14.4,8,1
2017/3/9,16.8,8,1,13.7,8,1
2017/3/10,16.4,8,1,12.4,8,1
2017/3/11,17.8,8,1,12.8,8,1
2017/3/12,23.1,8,1,17.3,8,1
2017/3/13,22.5,8,1,19.6,8,1
2017/3/14,21,8,1,16.6,8,1
2017/3/15,19.1,8,1,14.4,8,1
2017/3/16,19.6,8,1,14.3,8,1
2017/3/17,22.3,8,1,16.8,8,1
2017/3/18,24,8,1,18.4,8,1
2017/3/19,20.6,8,1,18.9,8,1
2017/3/20,24.6,8,1,19.8,8,1
2017/3/21,21.9,8,1,17.1,8,1
2017/3/22,21.7,8,1,14.8,8,1
2017/3/23,23.6,8,1,19,8,1
2017/3/24,22.3,8,1,18.1,8,1
2017/3/25,20.7,8,1,17.7,8,1
2017/3/26,18.6,8,1,16,8,1
2017/3/27,20.1,8,1,16,8,1
2017/3/28,21,8,1,13.5,8,1
2017/3/29,23.7,8,1,15,8,1
2017/3/30,24.5,8,1,18.4,8,1
2017/3/31,25,8,1,17.5,8,1
2017/4/1,18.3,8,1,15.2,8,1
2017/4/2,19.3,8,1,14.9,8,1
2017/4/3,21.9,8,1,16.9,8,1
2017/4/4,22.2,8,1,14.8,8,1
2017/4/5,24.6,8,1,19,8,1
2017/4/6,24.2,8,1,20.7,8,1
2017/4/7,25,8,1,21.7,8,1
2017/4/8,27,8,1,21.5,8,1
2017/4/9,27.1,8,1,22,8,1
2017/4/10,26,8,1,23,8,1
2017/4/11,24.4,8,1,19.8,8,1
2017/4/12,20.6,8,1,16.6,8,1
2017/4/13,24.4,8,1,18.1,8,1
2017/4/14,25.4,8,1,19.2,8,1
2017/4/15,25.6,8,1,21.1,8,1
2017/4/16,26.4,8,1,21.8,8,1
2017/4/17,26.6,8,1,22.7,8,1
2017/4/18,24.2,8,1,19.8,8,1
2017/4/19,26.6,8,1,21,8,1
2017/4/20,26.9,8,1,21.8,8,1
2017/4/21,26.7,8,1,22.6,8,1
2017/4/22,22.7,8,1,18.5,8,1
2017/4/23,24.6,8,1,19.6,8,1
2017/4/24,25.4,8,1,18,8,1
2017/4/25,26.1,8,1,21.7,8,1
2017/4/26,27,8,1,22.5,8,1
2017/4/27,23.6,8,1,17.7,8,1
2017/4/28,22.6,8,1,17.9,8,1
2017/4/29,23.6,8,1,15.2,8,1
2017/4/30,25.4,8,1,16.5,8,1
2017/5/1,26.1,8,1,19.6,8,1
2017/5/2,23.5,8,1,21,8,1
2017/5/3,25.5,8,1,22.1,8,1
2017/5/4,28,8,1,21.3,8,1
2017/5/5,29.3,8,1,24.7,8,1
2017/5/6,26.2,8,1,22.9,8,1
2017/5/7,24.9,8,1,21.6,8,1
2017/5/8,26.7,8,1,21.1,8,1
2017/5/9,29.6,8,1,23.9,8,1
2017/5/10,29,8,1,21.8,8,1
2017/5/11,29.1,8,1,23,8,1
2017/5/12,29.7,8,1,24.8,8,1
2017/5/13,26.6,8,1,22.1,8,1
2017/5/14,28.5,8,1,22.2,8,1
2017/5/15,28.1,8,1,23.4,8,1
2017/5/16,25.1,8,1,19.2,8,1
2017/5/17,22.7,8,1,20.2,8,1
2017/5/18,26,8,1,19.4,8,1
2017/5/19,26.1,8,1,19.5,8,1
2017/5/20,25,8,1,22.7,8,1
2017/5/21,26.7,8,1,23.4,8,1
2017/5/22,26.7,8,1,23,8,1
2017/5/23,28.6,8,1,23,8,1
2017/5/24,28.7,8,1,23.5,8,1
2017/5/25,27.5,8,1,23.8,8,1
2017/5/26,27.2,8,1,23.9,8,1
2017/5/27,26.9,8,1,23,8,1
2017/5/28,23.5,8,1,18.7,8,1
2017/5/29,26.5,8,1,21.1,8,1
2017/5/30,28.4,8,1,22.3,8,1
2017/5/31,26.4,8,1,22.6,8,1
2017/6/1,28.7,8,1,23,8,1
2017/6/2,26.8,8,1,23.2,8,1
2017/6/3,27.4,8,1,23.7,8,1
2017/6/4,26.7,8,1,23.9,8,1
2017/6/5,28.9,8,1,23.8,8,1
2017/6/6,28.4,8,1,24.7,8,1
2017/6/7,29.5,8,1,24.9,8,1
2017/6/8,27.8,8,1,24.5,8,1
2017/6/9,28.7,8,1,23.1,8,1
2017/6/10,31.3,8,1,26.4,8,1
2017/6/11,31.4,8,1,27.1,8,1
2017/6/12,29.4,8,1,24.9,8,1
2017/6/13,30.1,8,1,24.1,8,1
2017/6/14,27.6,8,1,24.4,8,1
2017/6/15,26.2,8,1,23,8,1
2017/6/16,23.4,8,1,20.5,8,1
2017/6/17,23.5,8,1,19.9,8,1
2017/6/18,25.7,8,1,21.9,8,1
2017/6/19,25.6,8,1,23.1,8,1
2017/6/20,30,8,1,23.4,8,1
2017/6/21,30.4,8,1,27.2,8,1
2017/6/22,30.9,8,1,27.1,8,1
2017/6/23,30.8,8,1,27.2,8,1
2017/6/24,31.5,8,1,27.3,8,1
2017/6/25,31.8,8,1,27.6,8,1
2017/6/26,30.7,8,1,27.8,8,1
2017/6/27,31.3,8,1,26.1,8,1
2017/6/28,33.2,8,1,27,8,1
2017/6/29,31.1,8,1,25.3,8,1
2017/6/30,31.5,8,1,24.5,8,1
2017/7/1,32.2,8,1,26.8,8,1
2017/7/2,32.1,8,1,24.9,8,1
2017/7/3,30.3,8,1,26.9,8,1
2017/7/4,32.1,8,1,27.3,8,1
2017/7/5,32.8,8,1,27.5,8,1
2017/7/6,32.5,8,1,27.4,8,1
2017/7/7,32.6,8,1,27.6,8,1
2017/7/8,32.7,8,1,27.7,8,1
2017/7/9,32.4,8,1,27.6,8,1
2017/7/10,32.9,8,1,27.2,8,1
2017/7/11,33.1,8,1,27.9,8,1
2017/7/12,34,8,1,27.9,8,1
2017/7/13,33.3,8,1,27.1,8,1
2017/7/14,34.1,8,1,26.3,8,1
2017/7/15,34.3,8,1,27.7,8,1
2017/7/16,35.1,8,1,28,8,1
2017/7/17,34.1,8,1,28.2,8,1
2017/7/18,34.2,8,1,27.9,8,1
2017/7/19,34.2,8,1,28.6,8,1
2017/7/20,33.6,8,1,28.8,8,1
2017/7/21,34.3,8,1,28.7,8,1
2017/7/22,33.4,8,1,27.9,8,1
2017/7/23,32.5,8,1,27.6,8,1
2017/7/24,33.4,8,1,26.6,8,1
2017/7/25,31.7,8,1,25.1,8,1
2017/7/26,32.2,8,1,26.6,8,1
2017/7/27,34,8,1,27.2,8,1
2017/7/28,33.4,8,1,28.5,8,1
2017/7/29,33.9,8,1,28.4,8,1
2017/7/30,34.8,8,1,29.4,8,1
2017/7/31,35,8,1,29.2,8,1
2017/8/1,34,8,1,29.5,8,1
2017/8/2,33.4,8,1,29.3,8,1
2017/8/3,33.2,8,1,29.4,8,1
2017/8/4,33.4,8,1,29.7,8,1
2017/8/5,33.3,8,1,29.2,8,1
2017/8/6,32.7,8,1,29,8,1
2017/8/7,32.8,8,1,28.8,8,1
2017/8/8,33.4,8,1,28.9,8,1
2017/8/9,33.9,8,1,29.3,8,1
2017/8/10,33.7,8,1,29.4,8,1
2017/8/11,34,8,1,28.9,8,1
2017/8/12,33.9,8,1,27.5,8,1
2017/8/13,33.8,8,1,27.9,8,1
2017/8/14,33.3,8,1,28.7,8,1
2017/8/15,33.7,8,1,28.7,8,1
2017/8/16,33.3,8,1,28.8,8,1
2017/8/17,34.4,8,1,27.9,8,1
2017/8/18,33.9,8,1,28.5,8,1
2017/8/19,34.9,8,1,27.9,8,1
2017/8/20,34.1,8,1,27.9,8,1
2017/8/21,33.1,8,1,28.3,8,1
2017/8/22,33.2,8,1,26.4,8,1
2017/8/23,33.4,8,1,27.2,8,1
2017/8/24,34.7,8,1,28,8,1
2017/8/25,34.8,8,1,27.7,8,1
2017/8/26,33.8,8,1,28.1,8,1
2017/8/27,33.4,8,1,26.5,8,1
2017/8/28,33.6,8,1,28.2,8,1
2017/8/29,33.8,8,1,27.2,8,1
2017/8/30,31.6,8,1,27.8,8,1
2017/8/31,33.6,8,1,27.7,8,1
2017/9/1,32,8,1,28.1,8,1
2017/9/2,31.8,8,1,26.7,8,1
2017/9/3,33.9,8,1,25.8,8,1
2017/9/4,32.5,8,1,26.1,8,1
2017/9/5,33.8,8,1,28.6,8,1
2017/9/6,33.6,8,1,28.8,8,1
2017/9/7,33,8,1,26.7,8,1
2017/9/8,32,8,1,27.7,8,1
2017/9/9,32.8,8,1,27.9,8,1
2017/9/10,33.5,8,1,26.1,8,1
2017/9/11,33.7,8,1,27.2,8,1
2017/9/12,33.7,8,1,27.5,8,1
2017/9/13,29.6,8,1,24.1,8,1
2017/9/14,29.1,8,1,24.6,8,1
2017/9/15,31,8,1,25.6,8,1
2017/9/16,28.4,8,1,25.8,8,1
2017/9/17,28.5,8,1,25.6,8,1
2017/9/18,28.9,8,1,24.8,8,1
2017/9/19,30,8,1,23,8,1
2017/9/20,32.3,8,1,25.4,8,1
2017/9/21,32.3,8,1,26,8,1
2017/9/22,31.6,8,1,27.3,8,1
2017/9/23,31.5,8,1,26.4,8,1
2017/9/24,31.8,8,1,27.4,8,1
2017/9/25,31.1,8,1,27.7,8,1
2017/9/26,31.9,8,1,28.1,8,1
2017/9/27,32.2,8,1,28.3,8,1
2017/9/28,31,8,1,27.3,8,1
2017/9/29,30.7,8,1,26.1,8,1
2017/9/30,31.4,8,1,26.7,8,1
2017/10/1,30.8,8,1,26.1,8,1
2017/10/2,30.3,8,1,24.6,8,1
2017/10/3,30.8,8,1,26.2,8,1
2017/10/4,30.1,8,1,26.9,8,1
2017/10/5,30.4,8,1,26.7,8,1
2017/10/6,32.7,8,1,26.6,8,1
2017/10/7,33,8,1,26.9,8,1
2017/10/8,31.9,8,1,27.4,8,1
2017/10/9,31.1,8,1,26.2,8,1
2017/10/10,31.7,8,1,26.9,8,1
2017/10/11,31.3,8,1,27.2,8,1
2017/10/12,31.7,8,1,27,8,1
2017/10/13,31.9,8,1,26,8,1
2017/10/14,30.9,8,1,24.9,8,1
2017/10/15,32.1,8,1,27.4,8,1
2017/10/16,31.8,8,1,27.3,8,1
2017/10/17,30.1,8,1,25.4,8,1
2017/10/18,31.4,8,1,25.4,8,1
2017/10/19,31.6,8,1,25.1,8,1
2017/10/20,30.6,8,1,26,8,1
2017/10/21,28.8,8,1,24.7,8,1
2017/10/22,27.1,8,1,23,8,1
2017/10/23,27.4,8,1,23.8,8,1
2017/10/24,27.1,8,1,22.6,8,1
2017/10/25,26.4,8,1,22.7,8,1
2017/10/26,27.6,8,1,22.6,8,1
2017/10/27,26.9,8,1,22.6,8,1
2017/10/28,27.1,8,1,23.5,8,1
2017/10/29,26.6,8,1,23.2,8,1
2017/10/30,23.7,8,1,21.1,8,1
2017/10/31,25.3,8,1,20,8,1
2017/11/1,26.7,8,1,22.3,8,1
2017/11/2,27.8,8,1,22.7,8,1
2017/11/3,27.5,8,1,23,8,1
2017/11/4,24.3,8,1,20.8,8,1
2017/11/5,26,8,1,19.8,8,1
2017/11/6,26.9,8,1,22.9,8,1
2017/11/7,27.3,8,1,22,8,1
2017/11/8,27.5,8,1,21.2,8,1
2017/11/9,27.5,8,1,23.1,8,1
2017/11/10,27.9,8,1,23.6,8,1
2017/11/11,25.7,8,1,22.3,8,1
2017/11/12,23.3,8,1,20.6,8,1
2017/11/13,24.7,8,1,20.8,8,1
2017/11/14,25.8,8,1,22,8,1
2017/11/15,26.2,8,1,21.2,8,1
2017/11/16,23.8,8,1,20.7,8,1
2017/11/17,24.9,8,1,21.7,8,1
2017/11/18,25.9,8,1,19.3,8,1
2017/11/19,21,8,1,18.4,8,1
2017/11/20,22.2,8,1,18.5,8,1
2017/11/21,23.3,8,1,19,8,1
2017/11/22,27.1,8,1,21.6,8,1
2017/11/23,22.4,8,1,17.9,8,1
2017/11/24,21.5,8,1,15.9,8,1
2017/11/25,23.4,8,1,18.3,8,1
2017/11/26,24.9,8,1,20.3,8,1
2017/11/27,24.1,8,1,20.6,8,1
2017/11/28,26.3,8,1,22.1,8,1
2017/11/29,27,8,1,22,8,1
2017/11/30,25.2,8,1,19.9,8,1
2017/12/1,20.9,8,1,16.9,8,1
2017/12/2,20.3,8,1,16.8,8,1
2017/12/3,23.1,8,1,19.6,8,1
2017/12/4,22.3,8,1,19.4,8,1
2017/12/5,19.7,8,1,16.7,8,1
2017/12/6,20.2,8,1,15.3,8,1
2017/12/7,21.6,8,1,16.5,8,1
2017/12/8,20.4,8,1,16.4,8,1
2017/12/9,19.9,8,1,15.7,8,1
2017/12/10,22.6,8,1,15,8,1
2017/12/11,19.9,8,1,16.5,8,1
2017/12/12,20.7,8,1,16.1,8,1
2017/12/13,20,8,1,15.8,8,1
2017/12/14,20.1,8,1,15.4,8,1
2017/12/15,22.1,8,1,16.9,8,1
2017/12/16,22.9,8,1,16.1,8,1
2017/12/17,16.5,8,1,14.7,8,1
2017/12/18,18.3,8,1,14.5,8,1
2017/12/19,17.9,8,1,15.1,8,1
2017/12/20,18.6,8,1,16.3,8,1
2017/12/21,18.8,8,1,14.5,8,1
2017/12/22,19.9,8,1,13.1,8,1
2017/12/23,21.2,8,1,15.8,8,1
2017/12/24,25.5,8,1,17.9,8,1
2017/12/25,18.6,8,1,16.3,8,1
2017/12/26,19.3,8,1,15.2,8,1
2017/12/27,19.8,8,1,15.1,8,1
2017/12/28,20.9,8,1,13.7,8,1
2017/12/29,20.1,8,1,16.9,8,1
2017/12/30,21.3,8,1,15.2,8,1
2017/12/31,20.4,8,1,14.8,8,1
2018/1/1,19.6,8,1,14.4,8,1
2018/1/2,20.7,8,1,14,8,1
2018/1/3,21.1,8,1,13.7,8,1
2018/1/4,22.2,8,1,16.6,8,1
2018/1/5,22.3,8,1,17.7,8,1
2018/1/6,19,8,1,16.4,8,1
2018/1/7,19.9,8,1,15.3,8,1
2018/1/8,24.1,8,1,18.3,8,1
2018/1/9,18.4,8,1,13.8,8,1
2018/1/10,15.2,8,1,13.7,8,1
2018/1/11,14.9,8,1,12.4,8,1
2018/1/12,14,8,1,9.7,8,1
2018/1/13,16.2,8,1,9.3,8,1
2018/1/14,19.6,8,1,13.2,8,1
2018/1/15,22.1,8,1,15,8,1
2018/1/16,23.4,8,1,18.8,8,1
2018/1/17,21.5,8,1,18.6,8,1
2018/1/18,22.8,8,1,18.9,8,1
2018/1/19,20.5,8,1,16.1,8,1
2018/1/20,21.5,8,1,16.1,8,1
2018/1/21,22.4,8,1,17.8,8,1
2018/1/22,20.3,8,1,17.3,8,1
2018/1/23,20,8,1,16.5,8,1
2018/1/24,18.6,8,1,15,8,1
2018/1/25,18.7,8,1,14.5,8,1
2018/1/26,15.5,8,1,12.8,8,1
2018/1/27,17,8,1,13.5,8,1
2018/1/28,22,8,1,14.1,8,1
2018/1/29,16.8,8,1,13.8,8,1
2018/1/30,17.6,8,1,13.9,8,1
2018/1/31,20.4,8,1,14.3,8,1
2018/2/1,20.4,8,1,15.4,8,1
2018/2/2,19.1,8,1,13.7,8,1
2018/2/3,15.1,8,1,12.9,8,1
2018/2/4,13.4,8,1,11.2,8,1
2018/2/5,12.2,8,1,10.6,8,1
2018/2/6,14,8,1,11,8,1
2018/2/7,15.1,8,1,10.3,8,1
2018/2/8,16.1,8,1,12.5,8,1
2018/2/9,20.8,8,1,13.6,8,1
2018/2/10,24.3,8,1,17,8,1
2018/2/11,17.7,8,1,12.9,8,1
2018/2/12,14.7,8,1,11.9,8,1
2018/2/13,15.1,8,1,11.3,8,1
2018/2/14,20.1,8,1,9.6,8,1
2018/2/15,24.4,8,1,14.3,8,1
2018/2/16,24.7,8,1,17.3,8,1
2018/2/17,20.5,8,1,16,8,1
2018/2/18,21.2,8,1,13.3,8,1
2018/2/19,23.7,8,1,15.5,8,1
2018/2/20,24.1,8,1,20,8,1
2018/2/21,21.4,8,1,17.6,8,1
2018/2/22,19,8,1,15.7,8,1
2018/2/23,19.4,8,1,15.5,8,1
2018/2/24,21.9,8,1,17.3,8,1
2018/2/25,23.4,8,1,19.4,8,1
2018/2/26,20.9,8,1,16.6,8,1
2018/2/27,21.7,8,1,14,8,1
2018/2/28,23.4,8,1,17.7,8,1
2018/3/1,20.4,8,1,15.7,8,1
2018/3/2,21.8,8,1,14.5,8,1
2018/3/3,22.5,8,1,19.6,8,1
2018/3/4,27.4,8,1,20.5,8,1
2018/3/5,25.4,8,1,19,8,1
2018/3/6,20.9,8,1,17.9,8,1
2018/3/7,23.8,8,1,17.9,8,1
2018/3/8,20.5,8,1,14.6,8,1
2018/3/9,17.1,8,1,14.7,8,1
2018/3/10,20,8,1,15.3,8,1
2018/3/11,21.2,8,1,13.7,8,1
2018/3/12,21.2,8,1,16.1,8,1
2018/3/13,24.1,8,1,17.3,8,1
2018/3/14,24.8,8,1,17.5,8,1
2018/3/15,24.4,8,1,19.5,8,1
2018/3/16,22.1,8,1,18.8,8,1
2018/3/17,24.6,8,1,18.8,8,1
2018/3/18,24.6,8,1,19.3,8,1
2018/3/19,25.1,8,1,18.3,8,1
2018/3/20,25.8,8,1,20.1,8,1
2018/3/21,20.2,8,1,15.8,8,1
2018/3/22,18.1,8,1,14.6,8,1
2018/3/23,18.6,8,1,14.8,8,1
2018/3/24,21.7,8,1,12.8,8,1
2018/3/25,23,8,1,16.4,8,1
2018/3/26,23.2,8,1,17.3,8,1
2018/3/27,24.4,8,1,16.4,8,1
2018/3/28,25.5,8,1,18.8,8,1
2018/3/29,25.4,8,1,20.6,8,1
2018/3/30,25.5,8,1,19.8,8,1
2018/3/31,24.6,8,1,20.4,8,1
2018/4/1,25.3,8,1,20.2,8,1
2018/4/2,25.4,8,1,19.7,8,1
2018/4/3,25.5,8,1,20.1,8,1
2018/4/4,26.7,8,1,20,8,1
2018/4/5,26.7,8,1,20.6,8,1
2018/4/6,26.3,8,1,17.8,8,1
2018/4/7,18.7,8,1,15,8,1
2018/4/8,19,8,1,14.6,8,1
2018/4/9,22.8,8,1,13.2,8,1
2018/4/10,25.5,8,1,18.1,8,1
2018/4/11,26.5,8,1,21.4,8,1
2018/4/12,28.1,8,1,20,8,1
2018/4/13,27.9,8,1,20.2,8,1
2018/4/14,27.5,8,1,23,8,1
2018/4/15,24.3,8,1,16.4,8,1
2018/4/16,21.7,8,1,16.8,8,1
2018/4/17,19.2,8,1,16.9,8,1
2018/4/18,23.3,8,1,17.6,8,1
2018/4/19,26.3,8,1,18.5,8,1
2018/4/20,24.7,8,1,20.3,8,1
2018/4/21,26,8,1,21.5,8,1
2018/4/22,23.7,8,1,20.7,8,1
2018/4/23,27,8,1,22.1,8,1
2018/4/24,27.5,8,1,20.9,8,1
2018/4/25,23.6,8,1,19.8,8,1
2018/4/26,24,8,1,19.6,8,1
2018/4/27,24.7,8,1,19.3,8,1
2018/4/28,25.3,8,1,19.2,8,1
2018/4/29,25.7,8,1,19.4,8,1
2018/4/30,28.4,8,1,21.1,8,1
2018/5/1,27.8,8,1,22.6,8,1
2018/5/2,28.5,8,1,23.5,8,1
2018/5/3,23.9,8,1,16.7,8,1
2018/5/4,25.5,8,1,18.1,8,1
2018/5/5,25.7,8,1,18.6,8,1
2018/5/6,28,8,1,21.6,8,1
2018/5/7,28.1,8,1,23.4,8,1
2018/5/8,27.5,8,1,22.5,8,1
2018/5/9,25.7,8,1,22.5,8,1
2018/5/10,27.7,8,1,21.9,8,1
2018/5/11,26.6,8,1,22.9,8,1
2018/5/12,27.5,8,1,22.5,8,1
2018/5/13,28,8,1,23.1,8,1
2018/5/14,29.9,8,1,23.7,8,1
2018/5/15,31,8,1,24.4,8,1
2018/5/16,31.6,8,1,24.6,8,1
2018/5/17,30.8,8,1,25,8,1
2018/5/18,30.4,8,1,24.8,8,1
2018/5/19,30.1,8,1,24.8,8,1
2018/5/20,29.9,8,1,25.1,8,1
2018/5/21,29.1,8,1,25.1,8,1
2018/5/22,28.8,8,1,24.9,8,1
2018/5/23,29.9,8,1,23.6,8,1
2018/5/24,27.2,8,1,22.7,8,1
2018/5/25,29.2,8,1,21.1,8,1
2018/5/26,30.2,8,1,25.3,8,1
2018/5/27,31.1,8,1,26.1,8,1
2018/5/28,30.5,8,1,26.2,8,1
2018/5/29,31.6,8,1,26.4,8,1
2018/5/30,31.6,8,1,26.4,8,1
2018/5/31,31.3,8,1,26.4,8,1
2018/6/1,26.6,8,1,23.5,8,1
2018/6/2,28.3,8,1,23.5,8,1
2018/6/3,26.1,8,1,23.6,8,1
2018/6/4,29.7,8,1,23.9,8,1
2018/6/5,31.2,8,1,25.3,8,1
2018/6/6,32.3,8,1,26.1,8,1
2018/6/7,32.2,8,1,27.3,8,1
2018/6/8,31.6,8,1,27,8,1
2018/6/9,31.7,8,1,27.1,8,1
2018/6/10,30.2,8,1,27.3,8,1
2018/6/11,29.7,8,1,25.4,8,1
2018/6/12,28.5,8,1,24.8,8,1
2018/6/13,29.8,8,1,23.8,8,1
2018/6/14,28,8,1,23.2,8,1
2018/6/15,29.9,8,1,23.3,8,1
2018/6/16,27.9,8,1,25,8,1
2018/6/17,29.4,8,1,24.9,8,1
2018/6/18,31,8,1,25.6,8,1
2018/6/19,29.9,8,1,27.7,8,1
2018/6/20,30.8,8,1,26.4,8,1
2018/6/21,31.3,8,1,27.6,8,1
2018/6/22,31,8,1,27.7,8,1
2018/6/23,31.9,8,1,27.5,8,1
2018/6/24,31.5,8,1,27.7,8,1
2018/6/25,32.7,8,1,27.2,8,1
2018/6/26,32.2,8,1,26.3,8,1
2018/6/27,32.9,8,1,27,8,1
2018/6/28,32.6,8,1,27.2,8,1
2018/6/29,32.9,8,1,26.8,8,1
2018/6/30,30.8,8,1,25.1,8,1
2018/7/1,29.6,8,1,25.6,8,1
2018/7/2,28.9,8,1,25.6,8,1
2018/7/3,27.1,8,1,24.8,8,1
2018/7/4,26.9,8,1,24.5,8,1
2018/7/5,28.1,8,1,25.1,8,1
2018/7/6,30.1,8,1,25,8,1
2018/7/7,30.8,8,1,26.6,8,1
2018/7/8,31.7,8,1,26.1,8,1
2018/7/9,31.6,8,1,26.6,8,1
2018/7/10,28.8,8,1,27.4,8,1
2018/7/11,30.8,8,1,27,8,1
2018/7/12,31.4,8,1,26.5,8,1
2018/7/13,31.9,8,1,26.8,8,1
2018/7/14,30.4,8,1,26.8,8,1
2018/7/15,31.3,8,1,26.5,8,1
2018/7/16,31,8,1,26.7,8,1
2018/7/17,31.5,8,1,26.8,8,1
2018/7/18,31.5,8,1,26.5,8,1
2018/7/19,31.9,8,1,26.6,8,1
2018/7/20,32.4,8,1,26.9,8,1
2018/7/21,28.5,8,1,26.2,8,1
2018/7/22,31.1,8,1,27.4,8,1
2018/7/23,31.7,8,1,27.8,8,1
2018/7/24,33.1,8,1,27.3,8,1
2018/7/25,32,8,1,26.7,8,1
2018/7/26,32.1,8,1,27.6,8,1
2018/7/27,31.9,8,1,26.4,8,1
2018/7/28,30.9,8,1,26.3,8,1
2018/7/29,32.1,8,1,28.2,8,1
2018/7/30,32.2,8,1,28,8,1
2018/7/31,32.3,8,1,26.6,8,1
2018/8/1,29.6,8,1,26.4,8,1
2018/8/2,30.1,8,1,25.1,8,1
2018/8/3,32.4,8,1,25.3,8,1
2018/8/4,32.2,8,1,27,8,1
2018/8/5,32.3,8,1,26.6,8,1
2018/8/6,31.3,8,1,26.1,8,1
2018/8/7,32.3,8,1,26.7,8,1
2018/8/8,31.8,8,1,27.9,8,1
2018/8/9,31.9,8,1,28,8,1
2018/8/10,32.3,8,1,28.2,8,1
2018/8/11,30.1,8,1,27.2,8,1
2018/8/12,31.4,8,1,27.7,8,1
2018/8/13,30.9,8,1,26.6,8,1
2018/8/14,31.4,8,1,27.5,8,1
2018/8/15,27.9,8,1,25.3,8,1
2018/8/16,28.1,8,1,24.6,8,1
2018/8/17,32,8,1,24.7,8,1
2018/8/18,31.8,8,1,26,8,1
2018/8/19,31.7,8,1,27,8,1
2018/8/20,32,8,1,26.2,8,1
2018/8/21,31.1,8,1,27.1,8,1
2018/8/22,31.7,8,1,28.1,8,1
2018/8/23,32.1,8,1,27.4,8,1
2018/8/24,32.2,8,1,26.3,8,1
2018/8/25,29.3,8,1,25.4,8,1
2018/8/26,30.4,8,1,26.4,8,1
2018/8/27,31.4,8,1,27,8,1
2018/8/28,30.7,8,1,25.5,8,1
2018/8/29,31,8,1,24.2,8,1
2018/8/30,31.9,8,1,25.3,8,1
2018/8/31,31.8,8,1,26,8,1
2018/9/1,30.8,8,1,25.4,8,1
2018/9/2,31.3,8,1,25.1,8,1
2018/9/3,30.8,8,1,27,8,1
2018/9/4,31.4,8,1,25.8,8,1
2018/9/5,30.3,8,1,25.2,8,1
2018/9/6,31.9,8,1,25.7,8,1
2018/9/7,31.4,8,1,26.8,8,1
2018/9/8,30.8,8,1,25.6,8,1
2018/9/9,31.2,8,1,25.7,8,1
2018/9/10,29.8,8,1,26.1,8,1
2018/9/11,31.1,8,1,25.6,8,1
2018/9/12,31.6,8,1,26.5,8,1
2018/9/13,31.9,8,1,27.1,8,1
2018/9/14,31.5,8,1,27.6,8,1
2018/9/15,31.8,8,1,28,8,1
2018/9/16,31.9,8,1,27.6,8,1
2018/9/17,32.5,8,1,27.2,8,1
2018/9/18,32.5,8,1,27.2,8,1
2018/9/19,32.3,8,1,27,8,1
2018/9/20,32.4,8,1,26.8,8,1
2018/9/21,32.1,8,1,27,8,1
2018/9/22,32.4,8,1,26.7,8,1
2018/9/23,32.5,8,1,26.2,8,1
2018/9/24,32,8,1,26.9,8,1
2018/9/25,28.3,8,1,25,8,1
2018/9/26,31,8,1,27.4,8,1
2018/9/27,30.6,8,1,27.4,8,1
2018/9/28,29.5,8,1,27,8,1
2018/9/29,28.1,8,1,25.8,8,1
2018/9/30,27.9,8,1,24.8,8,1
2018/10/1,28.2,8,1,24.3,8,1
2018/10/2,27.6,8,1,23,8,1
2018/10/3,26.3,8,1,24.1,8,1
2018/10/4,27.6,8,1,24.5,8,1
2018/10/5,25.7,8,1,24.7,8,1
2018/10/6,27.8,8,1,23.9,8,1
2018/10/7,27.8,8,1,23.1,8,1
2018/10/8,27.4,8,1,23.7,8,1
2018/10/9,28.3,8,1,22.6,8,1
2018/10/10,27.9,8,1,23,8,1
2018/10/11,27.2,8,1,20.5,8,1
2018/10/12,21,8,1,18.8,8,1
2018/10/13,24.6,8,1,18.8,8,1
2018/10/14,26.7,8,1,22.7,8,1
2018/10/15,25.9,8,1,22.3,8,1
2018/10/16,28.1,8,1,22.8,8,1
2018/10/17,24.6,8,1,21.8,8,1
2018/10/18,26.5,8,1,22,8,1
2018/10/19,25,8,1,21,8,1
2018/10/20,25.5,8,1,20.2,8,1
2018/10/21,26.5,8,1,21.4,8,1
2018/10/22,26.9,8,1,22.2,8,1
2018/10/23,28.3,8,1,21.3,8,1
2018/10/24,27.6,8,1,21.9,8,1
2018/10/25,26.4,8,1,21.4,8,1
2018/10/26,28.2,8,1,20.1,8,1
2018/10/27,25.5,8,1,21.7,8,1
2018/10/28,24.2,8,1,20.5,8,1
2018/10/29,24,8,1,20.2,8,1
2018/10/30,27.3,8,1,22.3,8,1
2018/10/31,23.5,8,1,19.6,8,1
2018/11/1,24.6,8,1,19.7,8,1
2018/11/2,25.9,8,1,21.2,8,1
2018/11/3,24.5,8,1,20.6,8,1
2018/11/4,27.2,8,1,23.8,8,1
2018/11/5,27.1,8,1,23,8,1
2018/11/6,27.2,8,1,22.3,8,1
2018/11/7,27,8,1,21.5,8,1
2018/11/8,27.4,8,1,21.8,8,1
2018/11/9,27.6,8,1,21,8,1
2018/11/10,26.2,8,1,22.3,8,1
2018/11/11,27,8,1,20.8,8,1
2018/11/12,26.9,8,1,19.7,8,1
2018/11/13,24,8,1,20.6,8,1
2018/11/14,25.2,8,1,21.2,8,1
2018/11/15,25.1,8,1,20.4,8,1
2018/11/16,26,8,1,21.2,8,1
2018/11/17,25.4,8,1,22.7,8,1
2018/11/18,26.7,8,1,21.9,8,1
2018/11/19,25.4,8,1,21.4,8,1
2018/11/20,24.5,8,1,20.2,8,1
2018/11/21,26.3,8,1,21.7,8,1
2018/11/22,24.7,8,1,20.2,8,1
2018/11/23,22.8,8,1,18.9,8,1
2018/11/24,24.8,8,1,19.3,8,1
2018/11/25,24.5,8,1,20.2,8,1
2018/11/26,25.9,8,1,21.7,8,1
2018/11/27,25.8,8,1,21.5,8,1
2018/11/28,25.9,8,1,22.4,8,1
2018/11/29,24.3,8,1,20.4,8,1
2018/11/30,24.8,8,1,19.3,8,1
2018/12/1,25.9,8,1,20.9,8,1
2018/12/2,27.1,8,1,22.9,8,1
2018/12/3,27.9,8,1,24.3,8,1
2018/12/4,29.4,8,1,22.7,8,1
2018/12/5,24.5,8,1,22.2,8,1
2018/12/6,27.8,8,1,22,8,1
2018/12/7,23.3,8,1,19.8,8,1
2018/12/8,20.6,8,1,18.6,8,1
2018/12/9,21.2,8,1,17,8,1
2018/12/10,21.8,8,1,19.4,8,1
2018/12/11,24.9,8,1,20.7,8,1
2018/12/12,22.7,8,1,18.7,8,1
2018/12/13,20.1,8,1,16.9,8,1
2018/12/14,21,8,1,17.6,8,1
2018/12/15,21.2,8,1,17.1,8,1
2018/12/16,24,8,1,14.8,8,1
2018/12/17,20.6,8,1,17.3,8,1
2018/12/18,19.9,8,1,15.7,8,1
2018/12/19,21.9,8,1,13.3,8,1
2018/12/20,25.1,8,1,17.5,8,1
2018/12/21,24.5,8,1,20.7,8,1
2018/12/22,26.2,8,1,18.7,8,1
2018/12/23,24.3,8,1,20.2,8,1
2018/12/24,21.2,8,1,17.3,8,1
2018/12/25,21.8,8,1,18.2,8,1
2018/12/26,24.6,8,1,20.5,8,1
2018/12/27,22.6,8,1,17.4,8,1
2018/12/28,17.5,8,1,14.1,8,1
2018/12/29,16.5,8,1,13.2,8,1
2018/12/30,16.7,8,1,14.1,8,1
2018/12/31,20.6,8,1,15.5,8,1
2019/1/1,20.7,8,1,16.6,8,1
2019/1/2,19.5,8,1,16.8,8,1
2019/1/3,18.2,8,1,16.2,8,1
2019/1/4,22.2,8,1,16.5,8,1
2019/1/5,23.7,8,1,20.6,8,1
2019/1/6,20.8,8,1,17.8,8,1
2019/1/7,21.4,8,1,17.2,8,1
2019/1/8,20.4,8,1,16.9,8,1
2019/1/9,20,8,1,16.1,8,1
2019/1/10,22.4,8,1,17.5,8,1
2019/1/11,22.3,8,1,18.6,8,1
2019/1/12,24.2,8,1,20.5,8,1
2019/1/13,21,8,1,16.5,8,1
2019/1/14,22.3,8,1,15.9,8,1
2019/1/15,22.9,8,1,14.8,8,1
2019/1/16,19.1,8,1,14.9,8,1
2019/1/17,17,8,1,14.3,8,1
2019/1/18,19.6,8,1,14,8,1
2019/1/19,23.1,8,1,14.8,8,1
2019/1/20,24.1,8,1,17.2,8,1
2019/1/21,18.5,8,1,16.4,8,1
2019/1/22,17.1,8,1,15.1,8,1
2019/1/23,19,8,1,14.7,8,1
2019/1/24,18.3,8,1,13.4,8,1
2019/1/25,20.2,8,1,12,8,1
2019/1/26,17.2,8,1,13.4,8,1
2019/1/27,17.9,8,1,12.9,8,1
2019/1/28,20.4,8,1,12.1,8,1
2019/1/29,20.1,8,1,15.4,8,1
2019/1/30,22.1,8,1,13.9,8,1
2019/1/31,24.9,8,1,16.4,8,1
2019/2/1,18,8,1,14.7,8,1
2019/2/2,20.7,8,1,12.2,8,1
2019/2/3,24.7,8,1,15.9,8,1
2019/2/4,22.3,8,1,18.8,8,1
2019/2/5,21,8,1,19.1,8,1
2019/2/6,24.4,8,1,20.1,8,1
2019/2/7,24.5,8,1,19.1,8,1
2019/2/8,22.3,8,1,18.9,8,1
2019/2/9,22.6,8,1,16.6,8,1
2019/2/10,19.9,8,1,15.7,8,1
2019/2/11,19.8,8,1,16.8,8,1
2019/2/12,20.8,8,1,16.5,8,1
2019/2/13,23.9,8,1,18.5,8,1
2019/2/14,24,8,1,17.6,8,1
2019/2/15,25.2,8,1,19.3,8,1
2019/2/16,22.8,8,1,17.1,8,1
2019/2/17,18.6,8,1,15.7,8,1
2019/2/18,23.8,8,1,17,8,1
2019/2/19,26.3,8,1,20.5,8,1
2019/2/20,24,8,1,19.9,8,1
2019/2/21,25.6,8,1,21.2,8,1
2019/2/22,24.7,8,1,19.2,8,1
2019/2/23,19.9,8,1,16.9,8,1
2019/2/24,20.9,8,1,16.7,8,1
2019/2/25,23,8,1,16.8,8,1
2019/2/26,22.8,8,1,18.8,8,1
2019/2/27,24.7,8,1,17.5,8,1
2019/2/28,25.2,8,1,18.7,8,1
2019/3/1,22.5,8,1,19,8,1
2019/3/2,25.4,8,1,18,8,1
2019/3/3,26.5,8,1,19.4,8,1
2019/3/4,20.8,8,1,16.7,8,1
2019/3/5,22.9,8,1,15.9,8,1
2019/3/6,23,8,1,19.5,8,1
2019/3/7,19.6,8,1,16.1,8,1
2019/3/8,19.4,8,1,15,8,1
2019/3/9,20.3,8,1,17.1,8,1
2019/3/10,23.6,8,1,18.6,8,1
2019/3/11,20.3,8,1,17.2,8,1
2019/3/12,20.9,8,1,16.8,8,1
2019/3/13,21.8,8,1,15.3,8,1
2019/3/14,21.6,8,1,14.6,8,1
2019/3/15,21.1,8,1,16.6,8,1
2019/3/16,20,8,1,16.8,8,1
2019/3/17,22.4,8,1,15.7,8,1
2019/3/18,22,8,1,18.6,8,1
2019/3/19,22.4,8,1,17.4,8,1
2019/3/20,24.3,8,1,15.6,8,1
2019/3/21,27,8,1,21.8,8,1
2019/3/22,23.3,8,1,19.2,8,1
2019/3/23,19.4,8,1,16.2,8,1
2019/3/24,19.2,8,1,15.5,8,1
2019/3/25,22.9,8,1,16.9,8,1
2019/3/26,21.6,8,1,17.6,8,1
2019/3/27,23.4,8,1,15.4,8,1
2019/3/28,25.5,8,1,20.9,8,1
2019/3/29,26.9,8,1,22.6,8,1
2019/3/30,24.9,8,1,20.9,8,1
2019/3/31,21,8,1,16.9,8,1
2019/4/1,18.3,8,1,14.7,8,1
2019/4/2,21,8,1,14.5,8,1
2019/4/3,20.6,8,1,17.4,8,1
2019/4/4,23.4,8,1,17.6,8,1
2019/4/5,22.6,8,1,19.4,8,1
2019/4/6,25.5,8,1,18.5,8,1
2019/4/7,26.8,8,1,19.8,8,1
2019/4/8,27.2,8,1,21.3,8,1
2019/4/9,26.6,8,1,21.5,8,1
2019/4/10,26,8,1,19.6,8,1
2019/4/11,23.5,8,1,18.8,8,1
2019/4/12,23.2,8,1,18.8,8,1
2019/4/13,23,8,1,18.5,8,1
2019/4/14,23.5,8,1,20,8,1
2019/4/15,23.9,8,1,19.5,8,1
2019/4/16,22.2,8,1,18.7,8,1
2019/4/17,24.9,8,1,20.2,8,1
2019/4/18,24.6,8,1,17.7,8,1
2019/4/19,26,8,1,18.4,8,1
2019/4/20,23.1,8,1,21.1,8,1
2019/4/21,26.1,8,1,21.2,8,1
2019/4/22,27.8,8,1,22.3,8,1
2019/4/23,27,8,1,23.2,8,1
2019/4/24,28.9,8,1,24.8,8,1
2019/4/25,29.1,8,1,25.3,8,1
2019/4/26,27.5,8,1,22.3,8,1
2019/4/27,23.3,8,1,20.9,8,1
2019/4/28,25.1,8,1,21.4,8,1
2019/4/29,28.3,8,1,23.3,8,1
2019/4/30,28.8,8,1,25.1,8,1
2019/5/1,26.5,8,1,21.3,8,1
2019/5/2,25,8,1,20.8,8,1
2019/5/3,24.7,8,1,17.8,8,1
2019/5/4,26.4,8,1,18.6,8,1
2019/5/5,26.2,8,1,20.5,8,1
2019/5/6,25.7,8,1,21.3,8,1
2019/5/7,24.8,8,1,21.6,8,1
2019/5/8,26.1,8,1,21.7,8,1
2019/5/9,27.4,8,1,21.8,8,1
2019/5/10,25.5,8,1,22.2,8,1
2019/5/11,26.2,8,1,22.2,8,1
2019/5/12,27.2,8,1,21.7,8,1
2019/5/13,29,8,1,21.1,8,1
2019/5/14,29.3,8,1,23.9,8,1
2019/5/15,28.1,8,1,24.3,8,1
2019/5/16,25.3,8,1,22.4,8,1
2019/5/17,27.5,8,1,22.4,8,1
2019/5/18,30,8,1,23.5,8,1
2019/5/19,30.3,8,1,25.1,8,1
2019/5/20,26.6,8,1,23.1,8,1
2019/5/21,24.6,8,1,21.5,8,1
2019/5/22,25.5,8,1,21.3,8,1
2019/5/23,27.4,8,1,20.7,8,1
2019/5/24,28.6,8,1,19.8,8,1
2019/5/25,27.9,8,1,21.5,8,1
2019/5/26,28.3,8,1,22.9,8,1
2019/5/27,27.6,8,1,23.9,8,1
2019/5/28,27.8,8,1,24,8,1
2019/5/29,26.1,8,1,22,8,1
2019/5/30,26.7,8,1,21.3,8,1
2019/5/31,29.3,8,1,23.4,8,1
2019/6/1,29.9,8,1,24.8,8,1
2019/6/2,30.1,8,1,24.5,8,1
2019/6/3,29.1,8,1,23.2,8,1
2019/6/4,29.4,8,1,23.7,8,1
2019/6/5,30.1,8,1,24.4,8,1
2019/6/6,30.9,8,1,26.1,8,1
2019/6/7,30.7,8,1,26.8,8,1
2019/6/8,28.9,8,1,27,8,1
2019/6/9,30,8,1,24.2,8,1
2019/6/10,28,8,1,23.4,8,1
2019/6/11,25.6,8,1,21.8,8,1
2019/6/12,28.9,8,1,23.1,8,1
2019/6/13,27.4,8,1,24.5,8,1
2019/6/14,28.1,8,1,23.3,8,1
2019/6/15,27.6,8,1,24.3,8,1
2019/6/16,28.7,8,1,20.9,8,1
2019/6/17,26.1,8,1,19.7,8,1
2019/6/18,28.5,8,1,22.4,8,1
2019/6/19,29.3,8,1,26.8,8,1
2019/6/20,27.2,8,1,25.1,8,1
2019/6/21,29.7,8,1,26.4,8,1
2019/6/22,27.6,8,1,25.5,8,1
2019/6/23,27.5,8,1,22.8,8,1
2019/6/24,25.7,8,1,22.3,8,1
2019/6/25,29,8,1,24.2,8,1
2019/6/26,27.6,8,1,24.3,8,1
2019/6/27,31.6,8,1,25.2,8,1
2019/6/28,31.8,8,1,26.6,8,1
2019/6/29,31.6,8,1,27.3,8,1
2019/6/30,32.6,8,1,27.7,8,1
2019/7/1,32.1,8,1,28,8,1
2019/7/2,32.4,8,1,27.8,8,1
2019/7/3,31.1,8,1,28.2,8,1
2019/7/4,29.7,8,1,26.9,8,1
2019/7/5,28.8,8,1,24.1,8,1
2019/7/6,28.2,8,1,24.1,8,1
2019/7/7,28.8,8,1,24.7,8,1
2019/7/8,30.4,8,1,24.8,8,1
2019/7/9,30.1,8,1,26.5,8,1
2019/7/10,31.5,8,1,27.9,8,1
2019/7/11,32,8,1,26.2,8,1
2019/7/12,31.9,8,1,26.2,8,1
2019/7/13,31.5,8,1,27.9,8,1
2019/7/14,32.1,8,1,28.1,8,1
2019/7/15,33,8,1,27.9,8,1
2019/7/16,32.3,8,1,28,8,1
2019/7/17,31.8,8,1,27.1,8,1
2019/7/18,29.3,8,1,25.2,8,1
2019/7/19,30,8,1,27.3,8,1
2019/7/20,30.4,8,1,27.4,8,1
2019/7/21,32.3,8,1,27.7,8,1
2019/7/22,32.1,8,1,26.9,8,1
2019/7/23,31.8,8,1,26.9,8,1
2019/7/24,32.3,8,1,25.8,8,1
2019/7/25,32.3,8,1,25.6,8,1
2019/7/26,32.8,8,1,27.3,8,1
2019/7/27,33,8,1,27.2,8,1
2019/7/28,33.1,8,1,26.4,8,1
2019/7/29,33.9,8,1,28.3,8,1
2019/7/30,32.9,8,1,27.2,8,1
2019/7/31,32.9,8,1,28.3,8,1
2019/8/1,32.9,8,1,28,8,1
2019/8/2,29.2,8,1,24.9,8,1
2019/8/3,32,8,1,27,8,1
2019/8/4,31.2,8,1,27.4,8,1
2019/8/5,32.1,8,1,26.7,8,1
2019/8/6,31.9,8,1,27.6,8,1
2019/8/7,31.7,8,1,27,8,1
2019/8/8,30.2,8,1,26.1,8,1
2019/8/9,29.9,8,1,26.5,8,1
2019/8/10,29.4,8,1,26.3,8,1
2019/8/11,32.7,8,1,28.4,8,1
2019/8/12,32.3,8,1,28.1,8,1
2019/8/13,31.6,8,1,28.4,8,1
2019/8/14,31.6,8,1,28.4,8,1
2019/8/15,31.7,8,1,28,8,1
2019/8/16,31.7,8,1,27.6,8,1
2019/8/17,30,8,1,26.2,8,1
2019/8/18,31.9,8,1,27.9,8,1
2019/8/19,30.6,8,1,26.5,8,1
2019/8/20,31.4,8,1,26.1,8,1
2019/8/21,32.3,8,1,27.1,8,1
2019/8/22,32.2,8,1,27.7,8,1
2019/8/23,32.2,8,1,26.4,8,1
2019/8/24,32.2,8,1,28.6,8,1
2019/8/25,32.8,8,1,28.1,8,1
2019/8/26,32.6,8,1,27.1,8,1
2019/8/27,32.4,8,1,27.6,8,1
2019/8/28,32.8,8,1,28.1,8,1
2019/8/29,33.3,8,1,27.1,8,1
2019/8/30,32.9,8,1,26.9,8,1
2019/8/31,32.9,8,1,28.1,8,1
2019/9/1,33.4,8,1,28,8,1
2019/9/2,32.8,8,1,27.9,8,1
2019/9/3,32.5,8,1,26.2,8,1
2019/9/4,31.9,8,1,27.7,8,1
2019/9/5,28.8,8,1,24.9,8,1
2019/9/6,29.8,8,1,25.2,8,1
2019/9/7,29.5,8,1,25,8,1
2019/9/8,27.8,8,1,23.7,8,1
2019/9/9,31.8,8,1,24.3,8,1
2019/9/10,32.2,8,1,26.6,8,1
2019/9/11,32.9,8,1,28.1,8,1
2019/9/12,32.9,8,1,27.5,8,1
2019/9/13,32.1,8,1,27.9,8,1
2019/9/14,31.8,8,1,27.6,8,1
2019/9/15,28.5,8,1,25.5,8,1
2019/9/16,31.3,8,1,26.8,8,1
2019/9/17,30.5,8,1,27.2,8,1
2019/9/18,29.4,8,1,26.3,8,1
2019/9/19,30.9,8,1,25.7,8,1
2019/9/20,30.5,8,1,25.6,8,1
2019/9/21,28.2,8,1,23.2,8,1
2019/9/22,28.5,8,1,24,8,1
2019/9/23,28.9,8,1,25.1,8,1
2019/9/24,28.1,8,1,24.4,8,1
2019/9/25,29.4,8,1,24.1,8,1
2019/9/26,31.1,8,1,25.8,8,1
2019/9/27,31.4,8,1,26.9,8,1
2019/9/28,31.7,8,1,26.9,8,1
2019/9/29,31,8,1,27.1,8,1
2019/9/30,31.6,8,1,27.4,8,1
2019/10/1,30.8,8,1,27.5,8,1
2019/10/2,31.1,8,1,26.8,8,1
2019/10/3,30.4,8,1,26.1,8,1
2019/10/4,30,8,1,25.7,8,1
2019/10/5,29.6,8,1,24.6,8,1
2019/10/6,29.4,8,1,24.5,8,1
2019/10/7,29.5,8,1,23.9,8,1
2019/10/8,29.3,8,1,25.4,8,1
2019/10/9,28.3,8,1,25.1,8,1
2019/10/10,28.3,8,1,24.4,8,1
2019/10/11,28.1,8,1,24.7,8,1
2019/10/12,28.3,8,1,24.8,8,1
2019/10/13,28.2,8,1,24.7,8,1
2019/10/14,29.7,8,1,24.3,8,1
2019/10/15,27.4,8,1,24.2,8,1
2019/10/16,29.1,8,1,24.6,8,1
2019/10/17,31.8,8,1,24.2,8,1
2019/10/18,28.6,8,1,24.4,8,1
2019/10/19,27.3,8,1,24.4,8,1
2019/10/20,25.6,8,1,22.7,8,1
2019/10/21,28.2,8,1,24.6,8,1
2019/10/22,29,8,1,21.5,8,1
2019/10/23,28.4,8,1,23.2,8,1
2019/10/24,27.6,8,1,23.8,8,1
2019/10/25,27.2,8,1,23.9,8,1
2019/10/26,26.7,8,1,22.2,8,1
2019/10/27,26.1,8,1,21.1,8,1
2019/10/28,27.9,8,1,22.2,8,1
2019/10/29,28.7,8,1,24.7,8,1
2019/10/30,27,8,1,23.6,8,1
2019/10/31,28,8,1,23.6,8,1
2019/11/1,27.4,8,1,23.2,8,1
2019/11/2,28.1,8,1,22.3,8,1
2019/11/3,28.7,8,1,24.2,8,1
2019/11/4,26.5,8,1,23.9,8,1
2019/11/5,26.4,8,1,22,8,1
2019/11/6,27.1,8,1,20.7,8,1
2019/11/7,27.4,8,1,22.3,8,1
2019/11/8,25.9,8,1,22,8,1
2019/11/9,23.7,8,1,20.7,8,1
2019/11/10,25,8,1,18.3,8,1
2019/11/11,24.8,8,1,17.9,8,1
2019/11/12,25.9,8,1,18.8,8,1
2019/11/13,27.4,8,1,19.4,8,1
2019/11/14,24.5,8,1,20.6,8,1
2019/11/15,24.4,8,1,19,8,1
2019/11/16,26.1,8,1,19.6,8,1
2019/11/17,26.9,8,1,22.6,8,1
2019/11/18,27.9,8,1,21.8,8,1
2019/11/19,21.8,8,1,19.7,8,1
2019/11/20,21.5,8,1,19.6,8,1
2019/11/21,24.4,8,1,20.6,8,1
2019/11/22,26.7,8,1,21.6,8,1
2019/11/23,28.1,8,1,21.6,8,1
2019/11/24,27.7,8,1,24.1,8,1
2019/11/25,26,8,1,22.2,8,1
2019/11/26,24.2,8,1,21.4,8,1
2019/11/27,23.8,8,1,21.1,8,1
2019/11/28,22.4,8,1,20,8,1
2019/11/29,24.2,8,1,19.7,8,1
2019/11/30,23.8,8,1,19.3,8,1
2019/12/1,26.1,8,1,20.8,8,1
2019/12/2,22.3,8,1,18.9,8,1
2019/12/3,20.8,8,1,17.4,8,1
2019/12/4,22.6,8,1,18.4,8,1
2019/12/5,19.6,8,1,16.3,8,1
2019/12/6,17.8,8,1,15.3,8,1
2019/12/7,17.2,8,1,14.9,8,1
2019/12/8,20.2,8,1,15.7,8,1
2019/12/9,22.8,8,1,16.6,8,1
2019/12/10,23.4,8,1,18.8,8,1
2019/12/11,21.2,8,1,16.4,8,1
2019/12/12,22.7,8,1,17.3,8,1
2019/12/13,22.3,8,1,17.9,8,1
2019/12/14,22.5,8,1,15.9,8,1
2019/12/15,23.7,8,1,17.2,8,1
2019/12/16,24.9,8,1,16.3,8,1
2019/12/17,27.5,5,1,19.5,5,1
2019/12/18,23.5,8,1,20.6,8,1
2019/12/19,22.8,8,1,19.6,8,1
2019/12/20,20.7,8,1,17.1,8,1
2019/12/21,23.8,8,1,18.3,8,1
2019/12/22,25.7,8,1,19.4,8,1
2019/12/23,22.8,8,1,18.7,8,1
2019/12/24,23.5,8,1,17.5,8,1
2019/12/25,25.7,8,1,20.6,8,1
2019/12/26,25.6,8,1,19.1,8,1
2019/12/27,19.4,8,1,16.7,8,1
2019/12/28,21.2,8,1,16.6,8,1
2019/12/29,23.7,8,1,17.8,8,1
2019/12/30,22.6,8,1,19.6,8,1
2019/12/31,21.7,8,1,16.4,8,1
2020/1/1,19,8,1,15.8,8,1
2020/1/2,20.4,8,1,15.8,8,1
2020/1/3,21.3,8,1,15.1,8,1
2020/1/4,21.9,8,1,15,8,1
2020/1/5,22.1,8,1,17.3,8,1
2020/1/6,23.1,8,1,16.1,8,1
2020/1/7,24.4,8,1,19.1,8,1
2020/1/8,22.9,8,1,16.7,8,1
2020/1/9,18.9,8,1,16.8,8,1
2020/1/10,21.1,8,1,15.1,8,1
2020/1/11,23.3,8,1,14.7,8,1
2020/1/12,21.2,8,1,16.9,8,1
2020/1/13,19.7,8,1,15.4,8,1
2020/1/14,22.6,8,1,16.1,8,1
2020/1/15,21.4,8,1,16.4,8,1
2020/1/16,23.8,8,1,17.7,8,1
2020/1/17,22.1,8,1,16.7,8,1
2020/1/18,17.2,8,1,15.7,8,1
2020/1/19,18.9,8,1,13.5,8,1
2020/1/20,18.8,8,1,15.2,8,1
2020/1/21,20.6,8,1,15.1,8,1
2020/1/22,23,8,1,15.1,8,1
2020/1/23,24.7,8,1,17.5,8,1
2020/1/24,25.8,8,1,17.9,8,1
2020/1/25,27,8,1,20.6,8,1
2020/1/26,23.5,8,1,21.7,8,1
2020/1/27,23.5,8,1,19.2,8,1
2020/1/28,19.4,8,1,16.7,8,1
2020/1/29,17.7,8,1,15,8,1
2020/1/30,16.8,8,1,12.9,8,1
2020/1/31,17.2,8,1,12.5,8,1
2020/2/1,18.4,8,1,13.6,8,1
2020/2/2,20.2,8,1,11.8,8,1
2020/2/3,21,8,1,12.6,8,1
2020/2/4,23.3,8,1,16,8,1
2020/2/5,19.6,8,1,15.5,8,1
2020/2/6,19.4,8,1,14.3,8,1
2020/2/7,22.5,8,1,17.3,8,1
2020/2/8,19.7,8,1,16.3,8,1
2020/2/9,17.9,8,1,15.1,8,1
2020/2/10,18.8,8,1,14.2,8,1
2020/2/11,20.9,8,1,13.2,8,1
2020/2/12,24.6,8,1,18.6,8,1
2020/2/13,26,8,1,20.8,8,1
2020/2/14,26.6,8,1,22.4,8,1
2020/2/15,26.7,8,1,22.4,8,1
2020/2/16,24.8,8,1,13.2,8,1
2020/2/17,15,8,1,12.5,8,1
2020/2/18,14.2,8,1,12.2,8,1
2020/2/19,19.5,8,1,13.6,8,1
2020/2/20,22,8,1,13,8,1
2020/2/21,22.5,8,1,16.3,8,1
2020/2/22,23.4,8,1,16.1,8,1
2020/2/23,21.5,8,1,16.1,8,1
2020/2/24,22.8,8,1,16.3,8,1
2020/2/25,25.8,8,1,20.1,8,1
2020/2/26,25.1,8,1,20.3,8,1
2020/2/27,22.6,8,1,17.8,8,1
2020/2/28,23.3,8,1,16.7,8,1
2020/2/29,26,8,1,17.9,8,1
2020/3/1,25,8,1,19.8,8,1
2020/3/2,22.9,8,1,18.3,8,1
2020/3/3,23.7,8,1,16.5,8,1
2020/3/4,24.5,8,1,17.4,8,1
2020/3/5,17.7,8,1,14.3,8,1
2020/3/6,20.3,8,1,13.4,8,1
2020/3/7,23.4,8,1,15.6,8,1
2020/3/8,23.1,8,1,19.1,8,1
2020/3/9,25.3,8,1,19.7,8,1
2020/3/10,23.6,8,1,17.3,8,1
2020/3/11,18.9,8,1,15.4,8,1
2020/3/12,19,8,1,13.3,8,1
2020/3/13,21.1,8,1,16.4,8,1
2020/3/14,19.8,8,1,15.2,8,1
2020/3/15,18.7,8,1,14.5,8,1
2020/3/16,20.2,8,1,16.1,8,1
2020/3/17,20.9,8,1,13.2,8,1
2020/3/18,22,8,1,16.2,8,1
2020/3/19,22.8,8,1,17.7,8,1
2020/3/20,22.7,8,1,16.7,8,1
2020/3/21,25.1,8,1,16.6,8,1
2020/3/22,26.2,8,1,22.1,8,1
2020/3/23,24,8,1,20.5,8,1
2020/3/24,24.4,8,1,19,8,1
2020/3/25,24.8,8,1,18.4,8,1
2020/3/26,25.5,8,1,21.2,8,1
2020/3/27,26.2,8,1,22.2,8,1
2020/3/28,26.2,8,1,19.2,8,1
2020/3/29,22.6,8,1,18.3,8,1
2020/3/30,25.8,8,1,19.4,8,1
2020/3/31,24.1,8,1,20.7,8,1
2020/4/1,24.1,8,1,18.1,8,1
2020/4/2,22.6,8,1,17,8,1
2020/4/3,23.4,8,1,18.6,8,1
2020/4/4,22.7,8,1,18.6,8,1
2020/4/5,22.1,8,1,18.5,8,1
2020/4/6,22.4,8,1,18.5,8,1
2020/4/7,19,8,1,16.1,8,1
2020/4/8,23.2,8,1,17.7,8,1
2020/4/9,20.8,8,1,16.7,8,1
2020/4/10,24,8,1,16.3,8,1
2020/4/11,23.6,8,1,19.1,8,1
2020/4/12,21.2,8,1,16.2,8,1
2020/4/13,19.6,8,1,15.4,8,1
2020/4/14,20.7,8,1,16.5,8,1
2020/4/15,22.1,8,1,16.9,8,1
2020/4/16,22.9,8,1,17.8,8,1
2020/4/17,24.8,8,1,16.6,8,1
2020/4/18,27.3,8,1,19.7,8,1
2020/4/19,25.7,8,1,21.8,8,1
2020/4/20,23.9,8,1,18.4,8,1
2020/4/21,21,8,1,18,8,1
2020/4/22,18.5,8,1,16.3,8,1
2020/4/23,19.4,8,1,17.1,8,1
2020/4/24,19.7,8,1,16.3,8,1
2020/4/25,22.1,8,1,17.1,8,1
2020/4/26,21.4,8,1,15.4,8,1
2020/4/27,23.1,8,1,16.3,8,1
2020/4/28,24.2,8,1,17.1,8,1
2020/4/29,24,8,1,17.9,8,1
2020/4/30,25,8,1,18.4,8,1
2020/5/1,25.8,8,1,20.1,8,1
2020/5/2,22.7,8,1,20.4,8,1
2020/5/3,27.4,8,1,21.8,8,1
2020/5/4,29.6,8,1,23,8,1
2020/5/5,29.5,5,1,24.2,5,1
2020/5/6,28.3,8,1,23.1,8,1
2020/5/7,28,5,1,23.2,5,1
2020/5/8,25.5,8,1,22,8,1
2020/5/9,27.8,8,1,22.5,8,1
2020/5/10,28.9,8,1,23.7,8,1
2020/5/11,28.4,8,1,23.8,8,1
2020/5/12,26,8,1,22.1,8,1
2020/5/13,28,8,1,21.9,8,1
2020/5/14,26.6,8,1,21.4,8,1
2020/5/15,29.5,8,1,24.3,8,1
2020/5/16,29.5,8,1,24.5,8,1
2020/5/17,30.1,8,1,26.1,8,1
2020/5/18,28.1,8,1,23.3,8,1
2020/5/19,26.6,8,1,20.6,8,1
2020/5/20,27.2,8,1,20.6,8,1
2020/5/21,23.2,8,1,18.2,8,1
2020/5/22,23.2,8,1,19.2,8,1
2020/5/23,23.8,8,1,22.7,8,1
2020/5/24,27.4,8,1,22.7,8,1
2020/5/25,28.6,8,1,22.9,8,1
2020/5/26,29.4,8,1,22.5,8,1
2020/5/27,29,8,1,24.7,8,1
2020/5/28,28.8,8,1,23.8,8,1
2020/5/29,28.6,8,1,23.1,8,1
2020/5/30,29.7,8,1,24.4,8,1
2020/5/31,30.7,8,1,25.1,8,1
2020/6/1,29.3,8,1,24.7,8,1
2020/6/2,30.4,8,1,24.7,8,1
2020/6/3,30.7,8,1,26.3,8,1
2020/6/4,31,8,1,26.8,8,1
2020/6/5,31.2,8,1,27,8,1
2020/6/6,31.1,8,1,23.4,8,1
2020/6/7,27.2,8,1,23.4,8,1
2020/6/8,27.3,8,1,23.7,8,1
2020/6/9,28.2,8,1,22.4,8,1
2020/6/10,31.1,8,1,24.1,8,1
2020/6/11,31.2,8,1,26.8,8,1
2020/6/12,32.1,8,1,27.3,8,1
2020/6/13,32,8,1,27.2,8,1
2020/6/14,31.8,8,1,27.5,8,1
2020/6/15,31.5,8,1,27.3,8,1
2020/6/16,31.3,8,1,27.6,8,1
2020/6/17,31.8,8,1,27.6,8,1
2020/6/18,31.7,8,1,27.9,8,1
2020/6/19,32.2,8,1,28.1,8,1
2020/6/20,31.8,8,1,27.7,8,1
2020/6/21,31.6,8,1,28,8,1
2020/6/22,29.3,8,1,26.1,8,1
2020/6/23,31.1,8,1,25.6,8,1
2020/6/24,32.3,8,1,26.2,8,1
2020/6/25,30.1,8,1,24.4,8,1
2020/6/26,28.1,8,1,23.5,8,1
2020/6/27,31.2,8,1,23.1,8,1
2020/6/28,30.9,8,1,27.5,8,1
2020/6/29,32.1,8,1,27.9,8,1
2020/6/30,32.2,8,1,28.3,8,1
2020/7/1,31.1,8,1,24.1,8,1
2020/7/2,30.2,8,1,24.6,8,1
2020/7/3,32.1,8,1,25.3,8,1
2020/7/4,31.7,8,1,28.1,8,1
2020/7/5,32.1,8,1,27.6,8,1
2020/7/6,32.4,8,1,28.1,8,1
2020/7/7,32.6,8,1,27.4,8,1
2020/7/8,32.3,8,1,28.4,8,1
2020/7/9,32.3,8,1,27.5,8,1
2020/7/10,33,8,1,28.3,8,1
2020/7/11,33.4,8,1,28.2,8,1
2020/7/12,33.6,8,1,27.8,8,1
2020/7/13,34.1,8,1,28.4,8,1
2020/7/14,32.6,8,1,27.5,8,1
2020/7/15,32.8,8,1,27.1,8,1
2020/7/16,30.8,8,1,24.9,8,1
2020/7/17,27.7,8,1,24.5,8,1
2020/7/18,30.4,8,1,25.5,8,1
2020/7/19,31.9,8,1,26.9,8,1
2020/7/20,32.9,8,1,27.1,8,1
2020/7/21,32.6,8,1,26.6,8,1
2020/7/22,32.9,8,1,26.6,8,1
2020/7/23,32.5,8,1,26.9,8,1
2020/7/24,32.4,8,1,28.2,8,1
2020/7/25,31.5,8,1,25.2,8,1
2020/7/26,31.9,8,1,25.8,8,1
2020/7/27,31.8,8,1,26.5,8,1
2020/7/28,32.8,8,1,27.5,8,1
2020/7/29,32.6,8,1,28.2,8,1
2020/7/30,32.5,8,1,27.6,8,1
2020/7/31,32.7,8,1,28.3,8,1
2020/8/1,32.7,8,1,28.2,8,1
2020/8/2,32.2,8,1,28.4,8,1
2020/8/3,32.5,8,1,28.3,8,1
2020/8/4,32.9,8,1,27.8,8,1
2020/8/5,33.3,8,1,28.5,8,1
2020/8/6,34.7,8,1,27.6,8,1
2020/8/7,33.8,8,1,28.2,8,1
2020/8/8,32.9,8,1,26.7,8,1
2020/8/9,29.2,8,1,25.1,8,1
2020/8/10,31.9,8,1,27.2,8,1
2020/8/11,32.3,8,1,28.1,8,1
2020/8/12,33.9,8,1,28.3,8,1
2020/8/13,33.2,8,1,27.9,8,1
2020/8/14,32.9,8,1,28.8,8,1
2020/8/15,33.1,8,1,27.7,8,1
2020/8/16,32.7,8,1,28.1,8,1
2020/8/17,32.9,8,1,28.3,8,1
2020/8/18,33.9,8,1,28.6,8,1
2020/8/19,33.7,8,1,28.3,8,1
2020/8/20,33.7,8,1,28.5,8,1
2020/8/21,33.8,8,1,28.4,8,1
2020/8/22,32.9,8,1,26.5,8,1
2020/8/23,29.8,8,1,24.5,8,1
2020/8/24,28.7,8,1,24.4,8,1
2020/8/25,30.5,8,1,27.5,8,1
2020/8/26,28,8,1,24.5,8,1
2020/8/27,29,8,1,26.3,8,1
2020/8/28,31.9,8,1,25.6,8,1
2020/8/29,32.7,8,1,27.3,8,1
2020/8/30,32.4,8,1,27.4,8,1
2020/8/31,29.8,8,1,26.8,8,1
2020/9/1,28.7,8,1,26.3,8,1
2020/9/2,30.9,8,1,26.4,8,1
2020/9/3,32.3,8,1,27.2,8,1
2020/9/4,32,8,1,26.8,8,1
2020/9/5,29.4,8,1,25.4,8,1
2020/9/6,27.4,8,1,24.2,8,1
2020/9/7,30.5,8,1,25.1,8,1
2020/9/8,31.6,8,1,24.7,8,1
2020/9/9,28,8,1,25.4,8,1
2020/9/10,31.2,8,1,26.3,8,1
2020/9/11,31.6,8,1,26.3,8,1
2020/9/12,31.5,8,1,27,8,1
2020/9/13,31.1,8,1,26.9,8,1
2020/9/14,30.6,8,1,27,8,1
2020/9/15,31.4,8,1,25.7,8,1
2020/9/16,31.9,8,1,26.2,8,1
2020/9/17,31.9,8,1,27.4,8,1
2020/9/18,33.1,8,1,27.8,8,1
2020/9/19,32.2,8,1,26.6,8,1
2020/9/20,29,8,1,24.7,8,1
2020/9/21,29.9,8,1,25.5,8,1
2020/9/22,29.9,8,1,26.4,8,1
2020/9/23,31.6,8,1,26,8,1
2020/9/24,30.1,8,1,25.6,8,1
2020/9/25,30,8,1,25.6,8,1
2020/9/26,28.9,8,1,24.4,8,1
2020/9/27,26.1,8,1,22.5,8,1
2020/9/28,29.2,8,1,23.1,8,1
2020/9/29,29.1,8,1,24.5,8,1
2020/9/30,29.3,8,1,23.8,8,1
2020/10/1,28.8,8,1,24.2,8,1
2020/10/2,30.4,8,1,24.6,8,1
2020/10/3,30.4,8,1,25.3,8,1
2020/10/4,31,8,1,26.1,8,1
2020/10/5,30.5,8,1,25.6,8,1
2020/10/6,27.8,8,1,25,8,1
2020/10/7,28.4,8,1,23.8,8,1
2020/10/8,27.9,8,1,24.6,8,1
2020/10/9,28.8,8,1,25,8,1
2020/10/10,31.1,8,1,25.3,8,1
2020/10/11,30.7,8,1,25.6,8,1
2020/10/12,29.6,8,1,25.1,8,1
2020/10/13,28.4,8,1,24.1,8,1
2020/10/14,28.8,8,1,24,8,1
2020/10/15,30.8,8,1,24.8,8,1
2020/10/16,30.3,8,1,24.4,8,1
2020/10/17,28.4,8,1,24.6,8,1
2020/10/18,28.9,8,1,24.4,8,1
2020/10/19,29.4,8,1,24.6,8,1
2020/10/20,30,8,1,25.4,8,1
2020/10/21,29,8,1,24.8,8,1
2020/10/22,25.7,8,1,23.4,8,1
2020/10/23,23.8,8,1,21.5,8,1
2020/10/24,25.2,8,1,19.7,8,1
2020/10/25,26.2,8,1,19.5,8,1
2020/10/26,27.4,8,1,21.5,8,1
2020/10/27,27.7,8,1,21.3,8,1
2020/10/28,28.4,8,1,22.9,8,1
2020/10/29,28.6,8,1,23.1,8,1
2020/10/30,25.8,8,1,21.6,8,1
2020/10/31,27.4,8,1,21.5,8,1
2020/11/1,28,8,1,22.1,8,1
2020/11/2,27.7,8,1,20.9,8,1
2020/11/3,25.4,8,1,22.2,8,1
2020/11/4,24.5,8,1,20.7,8,1
2020/11/5,25.9,8,1,21.9,8,1
2020/11/6,29.8,8,1,24.3,8,1
2020/11/7,29.1,8,1,24,8,1
2020/11/8,28.3,8,1,22.9,8,1
2020/11/9,24.2,8,1,21.2,8,1
2020/11/10,22.6,8,1,20.7,8,1
2020/11/11,23.9,8,1,21.7,8,1
2020/11/12,25.9,8,1,21.3,8,1
2020/11/13,23.3,8,1,21.4,8,1
2020/11/14,26.2,8,1,20.6,8,1
2020/11/15,27,8,1,22.6,8,1
2020/11/16,27.4,8,1,23.3,8,1
2020/11/17,27,8,1,23,8,1
2020/11/18,27.8,8,1,23.1,8,1
2020/11/19,28.4,8,1,24.2,8,1
2020/11/20,28,8,1,22.6,8,1
2020/11/21,26.6,8,1,23.1,8,1
2020/11/22,26.4,8,1,20.8,8,1
2020/11/23,24.3,8,1,21.6,8,1
2020/11/24,22.9,8,1,21.1,8,1
2020/11/25,26.3,8,1,21.6,8,1
2020/11/26,25.3,8,1,21,8,1
2020/11/27,26.1,8,1,20.5,8,1
2020/11/28,22.3,8,1,19.1,8,1
2020/11/29,22.1,8,1,18.8,8,1
2020/11/30,22.3,8,1,18.6,8,1
2020/12/1,22.3,8,1,19.3,8,1
2020/12/2,23.3,8,1,20.6,8,1
2020/12/3,21.8,8,1,18.2,8,1
2020/12/4,18.3,8,1,17.1,8,1
2020/12/5,19.6,8,1,17.7,8,1
2020/12/6,22.4,8,1,19.6,8,1
2020/12/7,23.9,8,1,21.3,8,1
2020/12/8,22.4,8,1,19.1,8,1
2020/12/9,21,8,1,17.7,8,1
2020/12/10,22.2,8,1,19.8,8,1
2020/12/11,25.9,8,1,20,8,1
2020/12/12,23.3,8,1,19.2,8,1
2020/12/13,23.9,8,1,16.3,8,1
2020/12/14,21.5,8,1,16.1,8,1
2020/12/15,18.2,8,1,15.2,8,1
2020/12/16,18.3,8,1,14.9,8,1
2020/12/17,18.1,8,1,15.2,8,1
2020/12/18,20.4,8,1,17,8,1
2020/12/19,19.5,8,1,16.8,8,1
2020/12/20,19.4,8,1,16.4,8,1
2020/12/21,17.8,8,1,15.4,8,1
2020/12/22,22.7,8,1,16.4,8,1
2020/12/23,22.6,8,1,17.1,8,1
2020/12/24,22.2,8,1,18,8,1
2020/12/25,20.6,8,1,16.6,8,1
2020/12/26,21.3,8,1,15.9,8,1
2020/12/27,24.7,8,1,17,8,1
2020/12/28,22.7,8,1,18.3,8,1
2020/12/29,24.1,8,1,19.9,8,1
2020/12/30,21.2,8,1,11.3,8,1
2020/12/31,14.6,8,1,10.6,8,1
2021/1/1,18.2,8,1,11.6,8,1
2021/1/2,19.6,8,1,14.8,8,1
2021/1/3,21.3,8,1,15.8,8,1
2021/1/4,22.6,8,1,17.8,8,1
2021/1/5,21.3,8,1,16,8,1
2021/1/6,18.6,8,1,15.1,8,1
2021/1/7,16.7,8,1,10.8,8,1
2021/1/8,12.6,8,1,10.2,8,1
2021/1/9,12.6,8,1,10.5,8,1
2021/1/10,16.2,8,1,9.7,8,1
2021/1/11,18.7,8,1,12.4,8,1
2021/1/12,15.8,8,1,10.7,8,1
2021/1/13,17.9,8,1,10.9,8,1
2021/1/14,20.2,8,1,13.5,8,1
2021/1/15,22.7,8,1,16.1,8,1
2021/1/16,23.3,8,1,16,8,1
2021/1/17,16.1,8,1,14.5,8,1
2021/1/18,16.7,8,1,13.3,8,1
2021/1/19,18.9,8,1,12.6,8,1
2021/1/20,21.9,8,1,15.9,8,1
2021/1/21,23,8,1,19.2,8,1
2021/1/22,21.9,8,1,18.7,8,1
2021/1/23,23.3,8,1,19.5,8,1
2021/1/24,20.8,8,1,16.6,8,1
2021/1/25,23.3,8,1,15.9,8,1
2021/1/26,23.2,8,1,16.5,8,1
2021/1/27,20.4,8,1,17.5,8,1
2021/1/28,19.5,8,1,15.3,8,1
2021/1/29,15.7,8,1,13.2,8,1
2021/1/30,18.8,8,1,11.6,8,1
2021/1/31,20.6,8,1,13,8,1
2021/2/1,23.5,8,1,15.3,8,1
2021/2/2,23.6,8,1,16,8,1
2021/2/3,19.6,8,1,13.9,8,1
2021/2/4,21.4,8,1,14,8,1
2021/2/5,22.6,8,1,14.5,8,1
2021/2/6,23.7,8,1,15.8,8,1
2021/2/7,21.9,8,1,17.1,8,1
2021/2/8,21.3,8,1,15.7,8,1
2021/2/9,20.2,8,1,15.7,8,1
2021/2/10,21.3,8,1,16.3,8,1
2021/2/11,20.2,8,1,15.4,8,1
2021/2/12,21.8,8,1,17.5,8,1
2021/2/13,23.7,8,1,18.6,8,1
2021/2/14,23.6,8,1,19.8,8,1
2021/2/15,21.6,8,1,17.4,8,1
2021/2/16,19.5,8,1,15.7,8,1
2021/2/17,16.5,8,1,13,8,1
2021/2/18,13.7,8,1,12,8,1
2021/2/19,16.7,8,1,12.1,8,1
2021/2/20,20,8,1,11.1,8,1
2021/2/21,21.7,8,1,11.6,8,1
2021/2/22,24.4,8,1,15.4,8,1
2021/2/23,25,8,1,17.2,8,1
2021/2/24,23.9,8,1,18.3,8,1
2021/2/25,24.3,8,1,20.1,8,1
2021/2/26,24.4,8,1,18.6,8,1
2021/2/27,23.4,8,1,20.4,8,1
2021/2/28,25,8,1,19.8,8,1
2021/3/1,24.4,8,1,20.2,8,1
2021/3/2,21.7,8,1,17,8,1
2021/3/3,21.9,8,1,14.9,8,1
2021/3/4,23.1,8,1,18.6,8,1
2021/3/5,21.6,8,1,18.4,8,1
2021/3/6,22.1,8,1,18,8,1
2021/3/7,23.1,8,1,19.2,8,1
2021/3/8,23.3,8,1,18.7,8,1
2021/3/9,24.3,8,1,17.9,8,1
2021/3/10,22.5,8,1,18.3,8,1
2021/3/11,25,8,1,16.5,8,1
2021/3/12,24.9,8,1,19,8,1
2021/3/13,20.3,8,1,17.5,8,1
2021/3/14,22.6,8,1,17.2,8,1
2021/3/15,24.3,8,1,16.1,8,1
2021/3/16,26.1,8,1,19,8,1
2021/3/17,26.6,8,1,19.2,8,1
2021/3/18,26.3,8,1,20.2,8,1
2021/3/19,25,8,1,20.1,8,1
2021/3/20,26.6,8,1,20.8,8,1
2021/3/21,22.9,8,1,17,8,1
2021/3/22,18.3,8,1,15.2,8,1
2021/3/23,20.9,8,1,13.8,8,1
2021/3/24,21.3,8,1,17.3,8,1
2021/3/25,24.1,8,1,18.9,8,1
2021/3/26,24.6,8,1,20.1,8,1
2021/3/27,25.5,8,1,20.7,8,1
2021/3/28,25.6,8,1,21.4,8,1
2021/3/29,25.3,8,1,20.9,8,1
2021/3/30,25.4,8,1,22.1,8,1
2021/3/31,26.1,8,1,21,8,1
2021/4/1,27.4,8,1,22.8,8,1
2021/4/2,26,8,1,21.1,8,1
2021/4/3,26.5,8,1,20.9,8,1
2021/4/4,23.2,8,1,19.1,8,1
2021/4/5,23.1,8,1,18.4,8,1
2021/4/6,22.3,8,1,18.6,8,1
2021/4/7,24.7,8,1,19,8,1
2021/4/8,23.9,8,1,18.8,8,1
2021/4/9,25.8,8,1,19.8,8,1
2021/4/10,24.9,8,1,20.6,8,1
2021/4/11,23.8,8,1,20.7,8,1
2021/4/12,26.3,8,1,20.6,8,1
2021/4/13,27,8,1,21.5,8,1
2021/4/14,23.1,8,1,19.3,8,1
2021/4/15,23.4,8,1,17.8,8,1
2021/4/16,26.1,8,1,17.9,8,1
2021/4/17,24.6,8,1,20.4,8,1
2021/4/18,21.4,8,1,17.8,8,1
2021/4/19,24,8,1,17.3,8,1
2021/4/20,24,8,1,18.5,8,1
2021/4/21,24.5,8,1,19.8,8,1
2021/4/22,22.4,8,1,20.5,8,1
2021/4/23,22.1,8,1,19.9,8,1
2021/4/24,22.1,8,1,19.6,8,1
2021/4/25,24.8,8,1,19.2,8,1
2021/4/26,25.5,8,1,19,8,1
2021/4/27,25.1,8,1,18.3,8,1
2021/4/28,26.4,8,1,18.4,8,1
2021/4/29,23.2,8,1,17.5,8,1
2021/4/30,24.6,8,1,15.8,8,1
2021/5/1,27,8,1,21.4,8,1
2021/5/2,27,8,1,20.2,8,1
2021/5/3,24.9,8,1,19.2,8,1
2021/5/4,26,8,1,20.7,8,1
2021/5/5,26.8,8,1,22.5,8,1
2021/5/6,28.6,8,1,22,8,1
2021/5/7,28.6,8,1,24.3,8,1
2021/5/8,28.1,8,1,22.9,8,1
2021/5/9,27.9,8,1,21.3,8,1
2021/5/10,26.5,8,1,22.3,8,1
2021/5/11,28.7,8,1,23.7,8,1
2021/5/12,29.3,8,1,24.8,8,1
2021/5/13,29.6,8,1,25.3,8,1
2021/5/14,29.9,8,1,24.9,8,1
2021/5/15,30.3,8,1,25.6,8,1
2021/5/16,30,8,1,25.6,8,1
2021/5/17,30.3,8,1,25.8,8,1
2021/5/18,30.1,8,1,26,8,1
2021/5/19,31,8,1,26,8,1
2021/5/20,31.1,8,1,26,8,1
2021/5/21,30.3,8,1,26.8,8,1
2021/5/22,29.4,8,1,25.5,8,1
2021/5/23,29.8,8,1,25.3,8,1
2021/5/24,30.8,8,1,25.5,8,1
2021/5/25,27.4,8,1,23.7,8,1
2021/5/26,30.7,8,1,23.8,8,1
2021/5/27,30.6,8,1,26.1,8,1
2021/5/28,29.5,8,1,24.3,8,1
2021/5/29,25.1,8,1,21.5,8,1
2021/5/30,23.9,8,1,21,8,1
2021/5/31,27.4,8,1,23.2,8,1
2021/6/1,28.1,8,1,23.9,8,1
2021/6/2,29.2,8,1,24.3,8,1
2021/6/3,30.4,8,1,26,8,1
2021/6/4,31.3,8,1,27.4,8,1
2021/6/5,30.8,8,1,26.4,8,1
2021/6/6,30.6,8,1,24.4,8,1
2021/6/7,29.7,8,1,23.7,8,1
2021/6/8,31.2,8,1,24,8,1
2021/6/9,30,8,1,24.3,8,1
2021/6/10,30.3,8,1,24.4,8,1
2021/6/11,30.3,8,1,25.2,8,1
2021/6/12,31.7,8,1,26.3,8,1
2021/6/13,30.2,8,1,25.1,8,1
2021/6/14,26.4,8,1,24.4,8,1
2021/6/15,30.5,8,1,24.4,8,1
2021/6/16,31.8,8,1,27.2,8,1
2021/6/17,29.9,8,1,26.5,8,1
2021/6/18,31.7,8,1,26.8,8,1
2021/6/19,31.6,8,1,26.5,8,1
2021/6/20,31.9,8,1,25.9,8,1
2021/6/21,28.8,8,1,25.9,8,1
2021/6/22,27.3,8,1,24.2,8,1
2021/6/23,26.2,8,1,22.5,8,1
2021/6/24,25.4,8,1,22.8,8,1
2021/6/25,29.8,8,1,24.3,8,1
